County,Not_Insured,Sex,Year
Anderson,8602,Both Sexes,2010
Anderson,4708,Male Only,2010
Anderson,3895,Female Only,2010
Bedford,8542,Both Sexes,2010
Bedford,4644,Male Only,2010
Bedford,3898,Female Only,2010
Benton,2333,Both Sexes,2010
Benton,1279,Male Only,2010
Benton,1054,Female Only,2010
Bledsoe,1846,Both Sexes,2010
Bledsoe,1017,Male Only,2010
Bledsoe,828,Female Only,2010
Blount,15189,Both Sexes,2010
Blount,8307,Male Only,2010
Blount,6881,Female Only,2010
Bradley,13911,Both Sexes,2010
Bradley,7874,Male Only,2010
Bradley,6036,Female Only,2010
Campbell,5493,Both Sexes,2010
Campbell,2981,Male Only,2010
Campbell,2513,Female Only,2010
Cannon,2038,Both Sexes,2010
Cannon,1120,Male Only,2010
Cannon,918,Female Only,2010
Carroll,3656,Both Sexes,2010
Carroll,1961,Male Only,2010
Carroll,1694,Female Only,2010
Carter,8272,Both Sexes,2010
Carter,4445,Male Only,2010
Carter,3826,Female Only,2010
Cheatham,5523,Both Sexes,2010
Cheatham,3032,Male Only,2010
Cheatham,2491,Female Only,2010
Chester,2187,Both Sexes,2010
Chester,1232,Male Only,2010
Chester,955,Female Only,2010
Claiborne,4122,Both Sexes,2010
Claiborne,2220,Male Only,2010
Claiborne,1903,Female Only,2010
Clay,1167,Both Sexes,2010
Clay,631,Male Only,2010
Clay,536,Female Only,2010
Cocke,5285,Both Sexes,2010
Cocke,2886,Male Only,2010
Cocke,2400,Female Only,2010
Coffee,7384,Both Sexes,2010
Coffee,3941,Male Only,2010
Coffee,3443,Female Only,2010
Crockett,2371,Both Sexes,2010
Crockett,1299,Male Only,2010
Crockett,1072,Female Only,2010
Cumberland,7963,Both Sexes,2010
Cumberland,4114,Male Only,2010
Cumberland,3849,Female Only,2010
Davidson,106801,Both Sexes,2010
Davidson,61569,Male Only,2010
Davidson,45233,Female Only,2010
Decatur,1660,Both Sexes,2010
Decatur,914,Male Only,2010
Decatur,746,Female Only,2010
DeKalb,3234,Both Sexes,2010
DeKalb,1777,Male Only,2010
DeKalb,1458,Female Only,2010
Dickson,6621,Both Sexes,2010
Dickson,3626,Male Only,2010
Dickson,2995,Female Only,2010
Dyer,4811,Both Sexes,2010
Dyer,2580,Male Only,2010
Dyer,2231,Female Only,2010
Fayette,4736,Both Sexes,2010
Fayette,2633,Male Only,2010
Fayette,2103,Female Only,2010
Fentress,2679,Both Sexes,2010
Fentress,1455,Male Only,2010
Fentress,1224,Female Only,2010
Franklin,4990,Both Sexes,2010
Franklin,2810,Male Only,2010
Franklin,2179,Female Only,2010
Gibson,6441,Both Sexes,2010
Gibson,3406,Male Only,2010
Gibson,3035,Female Only,2010
Giles,3960,Both Sexes,2010
Giles,2166,Male Only,2010
Giles,1794,Female Only,2010
Grainger,3502,Both Sexes,2010
Grainger,1838,Male Only,2010
Grainger,1663,Female Only,2010
Greene,9689,Both Sexes,2010
Greene,5338,Male Only,2010
Greene,4351,Female Only,2010
Grundy,1904,Both Sexes,2010
Grundy,1027,Male Only,2010
Grundy,876,Female Only,2010
Hamblen,10214,Both Sexes,2010
Hamblen,5753,Male Only,2010
Hamblen,4460,Female Only,2010
Hamilton,45813,Both Sexes,2010
Hamilton,25439,Male Only,2010
Hamilton,20374,Female Only,2010
Hancock,971,Both Sexes,2010
Hancock,526,Male Only,2010
Hancock,445,Female Only,2010
Hardeman,3200,Both Sexes,2010
Hardeman,1687,Male Only,2010
Hardeman,1514,Female Only,2010
Hardin,3763,Both Sexes,2010
Hardin,2020,Male Only,2010
Hardin,1743,Female Only,2010
Hawkins,7247,Both Sexes,2010
Hawkins,3879,Male Only,2010
Hawkins,3368,Female Only,2010
Haywood,2818,Both Sexes,2010
Haywood,1524,Male Only,2010
Haywood,1294,Female Only,2010
Henderson,3730,Both Sexes,2010
Henderson,1931,Male Only,2010
Henderson,1799,Female Only,2010
Henry,4332,Both Sexes,2010
Henry,2363,Male Only,2010
Henry,1969,Female Only,2010
Hickman,3405,Both Sexes,2010
Hickman,1834,Male Only,2010
Hickman,1571,Female Only,2010
Houston,1217,Both Sexes,2010
Houston,673,Male Only,2010
Houston,544,Female Only,2010
Humphreys,2445,Both Sexes,2010
Humphreys,1354,Male Only,2010
Humphreys,1091,Female Only,2010
Jackson,1720,Both Sexes,2010
Jackson,974,Male Only,2010
Jackson,747,Female Only,2010
Jefferson,7237,Both Sexes,2010
Jefferson,3881,Male Only,2010
Jefferson,3355,Female Only,2010
Johnson,2252,Both Sexes,2010
Johnson,1205,Male Only,2010
Johnson,1047,Female Only,2010
Knox,53027,Both Sexes,2010
Knox,30192,Male Only,2010
Knox,22835,Female Only,2010
Lake,681,Both Sexes,2010
Lake,373,Male Only,2010
Lake,308,Female Only,2010
Lauderdale,3519,Both Sexes,2010
Lauderdale,1812,Male Only,2010
Lauderdale,1707,Female Only,2010
Lawrence,6176,Both Sexes,2010
Lawrence,3320,Male Only,2010
Lawrence,2856,Female Only,2010
Lewis,1888,Both Sexes,2010
Lewis,1017,Male Only,2010
Lewis,871,Female Only,2010
Lincoln,4167,Both Sexes,2010
Lincoln,2254,Male Only,2010
Lincoln,1913,Female Only,2010
Loudon,6372,Both Sexes,2010
Loudon,3472,Male Only,2010
Loudon,2900,Female Only,2010
McMinn,6979,Both Sexes,2010
McMinn,3737,Male Only,2010
McMinn,3242,Female Only,2010
McNairy,3604,Both Sexes,2010
McNairy,1954,Male Only,2010
McNairy,1650,Female Only,2010
Macon,3883,Both Sexes,2010
Macon,2121,Male Only,2010
Macon,1762,Female Only,2010
Madison,12945,Both Sexes,2010
Madison,7331,Male Only,2010
Madison,5614,Female Only,2010
Marion,3963,Both Sexes,2010
Marion,2090,Male Only,2010
Marion,1873,Female Only,2010
Marshall,4836,Both Sexes,2010
Marshall,2634,Male Only,2010
Marshall,2202,Female Only,2010
Maury,11035,Both Sexes,2010
Maury,5754,Male Only,2010
Maury,5281,Female Only,2010
Meigs,1607,Both Sexes,2010
Meigs,856,Male Only,2010
Meigs,751,Female Only,2010
Monroe,6657,Both Sexes,2010
Monroe,3489,Male Only,2010
Monroe,3168,Female Only,2010
Montgomery,21403,Both Sexes,2010
Montgomery,12048,Male Only,2010
Montgomery,9355,Female Only,2010
Moore,785,Both Sexes,2010
Moore,430,Male Only,2010
Moore,355,Female Only,2010
Morgan,2697,Both Sexes,2010
Morgan,1486,Male Only,2010
Morgan,1211,Female Only,2010
Obion,4264,Both Sexes,2010
Obion,2290,Male Only,2010
Obion,1974,Female Only,2010
Overton,3072,Both Sexes,2010
Overton,1690,Male Only,2010
Overton,1382,Female Only,2010
Perry,1278,Both Sexes,2010
Perry,699,Male Only,2010
Perry,579,Female Only,2010
Pickett,835,Both Sexes,2010
Pickett,453,Male Only,2010
Pickett,382,Female Only,2010
Polk,2398,Both Sexes,2010
Polk,1276,Male Only,2010
Polk,1123,Female Only,2010
Putnam,11109,Both Sexes,2010
Putnam,6204,Male Only,2010
Putnam,4905,Female Only,2010
Rhea,4460,Both Sexes,2010
Rhea,2471,Male Only,2010
Rhea,1989,Female Only,2010
Roane,6117,Both Sexes,2010
Roane,3226,Male Only,2010
Roane,2891,Female Only,2010
Robertson,9792,Both Sexes,2010
Robertson,5422,Male Only,2010
Robertson,4370,Female Only,2010
Rutherford,36554,Both Sexes,2010
Rutherford,20129,Male Only,2010
Rutherford,16425,Female Only,2010
Scott,3325,Both Sexes,2010
Scott,1816,Male Only,2010
Scott,1509,Female Only,2010
Sequatchie,2026,Both Sexes,2010
Sequatchie,1105,Male Only,2010
Sequatchie,921,Female Only,2010
Sevier,16161,Both Sexes,2010
Sevier,9038,Male Only,2010
Sevier,7123,Female Only,2010
Shelby,143767,Both Sexes,2010
Shelby,80001,Male Only,2010
Shelby,63765,Female Only,2010
Smith,2762,Both Sexes,2010
Smith,1541,Male Only,2010
Smith,1221,Female Only,2010
Stewart,1838,Both Sexes,2010
Stewart,989,Male Only,2010
Stewart,849,Female Only,2010
Sullivan,19222,Both Sexes,2010
Sullivan,10514,Male Only,2010
Sullivan,8708,Female Only,2010
Sumner,21472,Both Sexes,2010
Sumner,11976,Male Only,2010
Sumner,9496,Female Only,2010
Tipton,7541,Both Sexes,2010
Tipton,3960,Male Only,2010
Tipton,3581,Female Only,2010
Trousdale,1180,Both Sexes,2010
Trousdale,654,Male Only,2010
Trousdale,526,Female Only,2010
Unicoi,2352,Both Sexes,2010
Unicoi,1292,Male Only,2010
Unicoi,1060,Female Only,2010
Union,2980,Both Sexes,2010
Union,1607,Male Only,2010
Union,1373,Female Only,2010
VanBuren,827,Both Sexes,2010
VanBuren,451,Male Only,2010
VanBuren,376,Female Only,2010
Warren,7325,Both Sexes,2010
Warren,4053,Male Only,2010
Warren,3272,Female Only,2010
Washington,15135,Both Sexes,2010
Washington,8328,Male Only,2010
Washington,6808,Female Only,2010
Wayne,2232,Both Sexes,2010
Wayne,1249,Male Only,2010
Wayne,983,Female Only,2010
Weakley,5064,Both Sexes,2010
Weakley,2854,Male Only,2010
Weakley,2209,Female Only,2010
White,3745,Both Sexes,2010
White,2095,Male Only,2010
White,1651,Female Only,2010
Williamson,13859,Both Sexes,2010
Williamson,7401,Male Only,2010
Williamson,6459,Female Only,2010
Wilson,12556,Both Sexes,2010
Wilson,6964,Male Only,2010
Wilson,5592,Female Only,2010
Anderson,9447,Both Sexes,2011
Anderson,4927,Male Only,2011
Anderson,4520,Female Only,2011
Bedford,8060,Both Sexes,2011
Bedford,4352,Male Only,2011
Bedford,3709,Female Only,2011
Benton,2424,Both Sexes,2011
Benton,1296,Male Only,2011
Benton,1128,Female Only,2011
Bledsoe,2074,Both Sexes,2011
Bledsoe,1147,Male Only,2011
Bledsoe,927,Female Only,2011
Blount,16424,Both Sexes,2011
Blount,8875,Male Only,2011
Blount,7549,Female Only,2011
Bradley,15233,Both Sexes,2011
Bradley,8488,Male Only,2011
Bradley,6745,Female Only,2011
Campbell,5497,Both Sexes,2011
Campbell,3018,Male Only,2011
Campbell,2479,Female Only,2011
Cannon,1933,Both Sexes,2011
Cannon,1077,Male Only,2011
Cannon,856,Female Only,2011
Carroll,3638,Both Sexes,2011
Carroll,1965,Male Only,2011
Carroll,1673,Female Only,2011
Carter,8340,Both Sexes,2011
Carter,4596,Male Only,2011
Carter,3744,Female Only,2011
Cheatham,5235,Both Sexes,2011
Cheatham,2905,Male Only,2011
Cheatham,2330,Female Only,2011
Chester,2388,Both Sexes,2011
Chester,1313,Male Only,2011
Chester,1075,Female Only,2011
Claiborne,4177,Both Sexes,2011
Claiborne,2268,Male Only,2011
Claiborne,1908,Female Only,2011
Clay,1224,Both Sexes,2011
Clay,670,Male Only,2011
Clay,554,Female Only,2011
Cocke,5447,Both Sexes,2011
Cocke,2818,Male Only,2011
Cocke,2629,Female Only,2011
Coffee,7630,Both Sexes,2011
Coffee,4149,Male Only,2011
Coffee,3481,Female Only,2011
Crockett,2283,Both Sexes,2011
Crockett,1252,Male Only,2011
Crockett,1031,Female Only,2011
Cumberland,8156,Both Sexes,2011
Cumberland,4339,Male Only,2011
Cumberland,3817,Female Only,2011
Davidson,105807,Both Sexes,2011
Davidson,57027,Male Only,2011
Davidson,48780,Female Only,2011
Decatur,1691,Both Sexes,2011
Decatur,936,Male Only,2011
Decatur,755,Female Only,2011
DeKalb,3172,Both Sexes,2011
DeKalb,1752,Male Only,2011
DeKalb,1420,Female Only,2011
Dickson,7573,Both Sexes,2011
Dickson,4129,Male Only,2011
Dickson,3444,Female Only,2011
Dyer,4910,Both Sexes,2011
Dyer,2609,Male Only,2011
Dyer,2301,Female Only,2011
Fayette,4532,Both Sexes,2011
Fayette,2420,Male Only,2011
Fayette,2112,Female Only,2011
Fentress,2639,Both Sexes,2011
Fentress,1425,Male Only,2011
Fentress,1213,Female Only,2011
Franklin,5050,Both Sexes,2011
Franklin,2715,Male Only,2011
Franklin,2334,Female Only,2011
Gibson,6551,Both Sexes,2011
Gibson,3466,Male Only,2011
Gibson,3085,Female Only,2011
Giles,4075,Both Sexes,2011
Giles,2267,Male Only,2011
Giles,1808,Female Only,2011
Grainger,3558,Both Sexes,2011
Grainger,1939,Male Only,2011
Grainger,1619,Female Only,2011
Greene,10164,Both Sexes,2011
Greene,5415,Male Only,2011
Greene,4750,Female Only,2011
Grundy,2028,Both Sexes,2011
Grundy,1099,Male Only,2011
Grundy,929,Female Only,2011
Hamblen,10395,Both Sexes,2011
Hamblen,5603,Male Only,2011
Hamblen,4792,Female Only,2011
Hamilton,45805,Both Sexes,2011
Hamilton,25627,Male Only,2011
Hamilton,20178,Female Only,2011
Hancock,983,Both Sexes,2011
Hancock,524,Male Only,2011
Hancock,459,Female Only,2011
Hardeman,3148,Both Sexes,2011
Hardeman,1624,Male Only,2011
Hardeman,1524,Female Only,2011
Hardin,3822,Both Sexes,2011
Hardin,2087,Male Only,2011
Hardin,1735,Female Only,2011
Hawkins,7439,Both Sexes,2011
Hawkins,4161,Male Only,2011
Hawkins,3278,Female Only,2011
Haywood,2608,Both Sexes,2011
Haywood,1435,Male Only,2011
Haywood,1173,Female Only,2011
Henderson,3763,Both Sexes,2011
Henderson,2017,Male Only,2011
Henderson,1746,Female Only,2011
Henry,4556,Both Sexes,2011
Henry,2461,Male Only,2011
Henry,2095,Female Only,2011
Hickman,3635,Both Sexes,2011
Hickman,1976,Male Only,2011
Hickman,1660,Female Only,2011
Houston,1138,Both Sexes,2011
Houston,618,Male Only,2011
Houston,520,Female Only,2011
Humphreys,2556,Both Sexes,2011
Humphreys,1390,Male Only,2011
Humphreys,1166,Female Only,2011
Jackson,1760,Both Sexes,2011
Jackson,992,Male Only,2011
Jackson,767,Female Only,2011
Jefferson,7306,Both Sexes,2011
Jefferson,3905,Male Only,2011
Jefferson,3400,Female Only,2011
Johnson,2309,Both Sexes,2011
Johnson,1242,Male Only,2011
Johnson,1066,Female Only,2011
Knox,54572,Both Sexes,2011
Knox,29829,Male Only,2011
Knox,24744,Female Only,2011
Lake,695,Both Sexes,2011
Lake,382,Male Only,2011
Lake,313,Female Only,2011
Lauderdale,3516,Both Sexes,2011
Lauderdale,1845,Male Only,2011
Lauderdale,1671,Female Only,2011
Lawrence,6146,Both Sexes,2011
Lawrence,3276,Male Only,2011
Lawrence,2869,Female Only,2011
Lewis,1910,Both Sexes,2011
Lewis,1018,Male Only,2011
Lewis,893,Female Only,2011
Lincoln,4547,Both Sexes,2011
Lincoln,2485,Male Only,2011
Lincoln,2063,Female Only,2011
Loudon,6405,Both Sexes,2011
Loudon,3529,Male Only,2011
Loudon,2876,Female Only,2011
McMinn,7339,Both Sexes,2011
McMinn,4022,Male Only,2011
McMinn,3317,Female Only,2011
McNairy,3689,Both Sexes,2011
McNairy,2068,Male Only,2011
McNairy,1621,Female Only,2011
Macon,3981,Both Sexes,2011
Macon,2141,Male Only,2011
Macon,1840,Female Only,2011
Madison,13508,Both Sexes,2011
Madison,7116,Male Only,2011
Madison,6392,Female Only,2011
Marion,3942,Both Sexes,2011
Marion,2220,Male Only,2011
Marion,1722,Female Only,2011
Marshall,5022,Both Sexes,2011
Marshall,2781,Male Only,2011
Marshall,2240,Female Only,2011
Maury,10998,Both Sexes,2011
Maury,6150,Male Only,2011
Maury,4848,Female Only,2011
Meigs,1642,Both Sexes,2011
Meigs,855,Male Only,2011
Meigs,787,Female Only,2011
Monroe,7097,Both Sexes,2011
Monroe,3898,Male Only,2011
Monroe,3199,Female Only,2011
Montgomery,25444,Both Sexes,2011
Montgomery,13577,Male Only,2011
Montgomery,11867,Female Only,2011
Moore,829,Both Sexes,2011
Moore,452,Male Only,2011
Moore,377,Female Only,2011
Morgan,2767,Both Sexes,2011
Morgan,1498,Male Only,2011
Morgan,1268,Female Only,2011
Obion,4144,Both Sexes,2011
Obion,2241,Male Only,2011
Obion,1903,Female Only,2011
Overton,3166,Both Sexes,2011
Overton,1689,Male Only,2011
Overton,1477,Female Only,2011
Perry,1244,Both Sexes,2011
Perry,694,Male Only,2011
Perry,550,Female Only,2011
Pickett,879,Both Sexes,2011
Pickett,478,Male Only,2011
Pickett,401,Female Only,2011
Polk,2542,Both Sexes,2011
Polk,1355,Male Only,2011
Polk,1188,Female Only,2011
Putnam,12171,Both Sexes,2011
Putnam,6688,Male Only,2011
Putnam,5483,Female Only,2011
Rhea,4574,Both Sexes,2011
Rhea,2499,Male Only,2011
Rhea,2075,Female Only,2011
Roane,6409,Both Sexes,2011
Roane,3447,Male Only,2011
Roane,2962,Female Only,2011
Robertson,10326,Both Sexes,2011
Robertson,5712,Male Only,2011
Robertson,4615,Female Only,2011
Rutherford,39817,Both Sexes,2011
Rutherford,22152,Male Only,2011
Rutherford,17665,Female Only,2011
Scott,3462,Both Sexes,2011
Scott,1893,Male Only,2011
Scott,1570,Female Only,2011
Sequatchie,2075,Both Sexes,2011
Sequatchie,1098,Male Only,2011
Sequatchie,977,Female Only,2011
Sevier,16914,Both Sexes,2011
Sevier,9488,Male Only,2011
Sevier,7426,Female Only,2011
Shelby,148501,Both Sexes,2011
Shelby,83909,Male Only,2011
Shelby,64592,Female Only,2011
Smith,2737,Both Sexes,2011
Smith,1518,Male Only,2011
Smith,1219,Female Only,2011
Stewart,1887,Both Sexes,2011
Stewart,996,Male Only,2011
Stewart,891,Female Only,2011
Sullivan,19688,Both Sexes,2011
Sullivan,10139,Male Only,2011
Sullivan,9549,Female Only,2011
Sumner,21253,Both Sexes,2011
Sumner,11541,Male Only,2011
Sumner,9712,Female Only,2011
Tipton,7540,Both Sexes,2011
Tipton,3997,Male Only,2011
Tipton,3543,Female Only,2011
Trousdale,1208,Both Sexes,2011
Trousdale,675,Male Only,2011
Trousdale,533,Female Only,2011
Unicoi,2541,Both Sexes,2011
Unicoi,1393,Male Only,2011
Unicoi,1147,Female Only,2011
Union,3057,Both Sexes,2011
Union,1638,Male Only,2011
Union,1419,Female Only,2011
VanBuren,837,Both Sexes,2011
VanBuren,438,Male Only,2011
VanBuren,399,Female Only,2011
Warren,7078,Both Sexes,2011
Warren,3945,Male Only,2011
Warren,3133,Female Only,2011
Washington,17287,Both Sexes,2011
Washington,9528,Male Only,2011
Washington,7759,Female Only,2011
Wayne,2399,Both Sexes,2011
Wayne,1323,Male Only,2011
Wayne,1076,Female Only,2011
Weakley,4920,Both Sexes,2011
Weakley,2740,Male Only,2011
Weakley,2180,Female Only,2011
White,3837,Both Sexes,2011
White,2073,Male Only,2011
White,1764,Female Only,2011
Williamson,15370,Both Sexes,2011
Williamson,7920,Male Only,2011
Williamson,7450,Female Only,2011
Wilson,13860,Both Sexes,2011
Wilson,7536,Male Only,2011
Wilson,6324,Female Only,2011
Anderson,8247,Both Sexes,2012
Anderson,4555,Male Only,2012
Anderson,3692,Female Only,2012
Bedford,7818,Both Sexes,2012
Bedford,4288,Male Only,2012
Bedford,3530,Female Only,2012
Benton,2398,Both Sexes,2012
Benton,1250,Male Only,2012
Benton,1147,Female Only,2012
Bledsoe,1861,Both Sexes,2012
Bledsoe,1029,Male Only,2012
Bledsoe,832,Female Only,2012
Blount,14793,Both Sexes,2012
Blount,8166,Male Only,2012
Blount,6627,Female Only,2012
Bradley,13411,Both Sexes,2012
Bradley,7492,Male Only,2012
Bradley,5920,Female Only,2012
Campbell,5347,Both Sexes,2012
Campbell,2984,Male Only,2012
Campbell,2363,Female Only,2012
Cannon,1976,Both Sexes,2012
Cannon,1098,Male Only,2012
Cannon,878,Female Only,2012
Carroll,3661,Both Sexes,2012
Carroll,1914,Male Only,2012
Carroll,1747,Female Only,2012
Carter,7900,Both Sexes,2012
Carter,4377,Male Only,2012
Carter,3523,Female Only,2012
Cheatham,5497,Both Sexes,2012
Cheatham,3003,Male Only,2012
Cheatham,2494,Female Only,2012
Chester,2119,Both Sexes,2012
Chester,1135,Male Only,2012
Chester,983,Female Only,2012
Claiborne,4110,Both Sexes,2012
Claiborne,2246,Male Only,2012
Claiborne,1865,Female Only,2012
Clay,1125,Both Sexes,2012
Clay,601,Male Only,2012
Clay,523,Female Only,2012
Cocke,5209,Both Sexes,2012
Cocke,2704,Male Only,2012
Cocke,2504,Female Only,2012
Coffee,7549,Both Sexes,2012
Coffee,3931,Male Only,2012
Coffee,3618,Female Only,2012
Crockett,2354,Both Sexes,2012
Crockett,1270,Male Only,2012
Crockett,1084,Female Only,2012
Cumberland,7492,Both Sexes,2012
Cumberland,4108,Male Only,2012
Cumberland,3384,Female Only,2012
Davidson,103496,Both Sexes,2012
Davidson,57611,Male Only,2012
Davidson,45886,Female Only,2012
Decatur,1640,Both Sexes,2012
Decatur,891,Male Only,2012
Decatur,749,Female Only,2012
DeKalb,3101,Both Sexes,2012
DeKalb,1681,Male Only,2012
DeKalb,1420,Female Only,2012
Dickson,6617,Both Sexes,2012
Dickson,3590,Male Only,2012
Dickson,3026,Female Only,2012
Dyer,4430,Both Sexes,2012
Dyer,2403,Male Only,2012
Dyer,2027,Female Only,2012
Fayette,4426,Both Sexes,2012
Fayette,2396,Male Only,2012
Fayette,2030,Female Only,2012
Fentress,2626,Both Sexes,2012
Fentress,1394,Male Only,2012
Fentress,1233,Female Only,2012
Franklin,5086,Both Sexes,2012
Franklin,2654,Male Only,2012
Franklin,2432,Female Only,2012
Gibson,6185,Both Sexes,2012
Gibson,3247,Male Only,2012
Gibson,2938,Female Only,2012
Giles,3685,Both Sexes,2012
Giles,1995,Male Only,2012
Giles,1690,Female Only,2012
Grainger,3236,Both Sexes,2012
Grainger,1729,Male Only,2012
Grainger,1507,Female Only,2012
Greene,9424,Both Sexes,2012
Greene,5216,Male Only,2012
Greene,4208,Female Only,2012
Grundy,2063,Both Sexes,2012
Grundy,1112,Male Only,2012
Grundy,951,Female Only,2012
Hamblen,10065,Both Sexes,2012
Hamblen,5480,Male Only,2012
Hamblen,4585,Female Only,2012
Hamilton,45171,Both Sexes,2012
Hamilton,24198,Male Only,2012
Hamilton,20973,Female Only,2012
Hancock,926,Both Sexes,2012
Hancock,488,Male Only,2012
Hancock,438,Female Only,2012
Hardeman,3038,Both Sexes,2012
Hardeman,1577,Male Only,2012
Hardeman,1460,Female Only,2012
Hardin,3575,Both Sexes,2012
Hardin,1916,Male Only,2012
Hardin,1660,Female Only,2012
Hawkins,7256,Both Sexes,2012
Hawkins,4017,Male Only,2012
Hawkins,3239,Female Only,2012
Haywood,2462,Both Sexes,2012
Haywood,1332,Male Only,2012
Haywood,1129,Female Only,2012
Henderson,3741,Both Sexes,2012
Henderson,1960,Male Only,2012
Henderson,1781,Female Only,2012
Henry,4312,Both Sexes,2012
Henry,2251,Male Only,2012
Henry,2062,Female Only,2012
Hickman,3467,Both Sexes,2012
Hickman,1911,Male Only,2012
Hickman,1556,Female Only,2012
Houston,1117,Both Sexes,2012
Houston,598,Male Only,2012
Houston,518,Female Only,2012
Humphreys,2487,Both Sexes,2012
Humphreys,1363,Male Only,2012
Humphreys,1124,Female Only,2012
Jackson,1749,Both Sexes,2012
Jackson,994,Male Only,2012
Jackson,755,Female Only,2012
Jefferson,7217,Both Sexes,2012
Jefferson,3817,Male Only,2012
Jefferson,3400,Female Only,2012
Johnson,2277,Both Sexes,2012
Johnson,1242,Male Only,2012
Johnson,1035,Female Only,2012
Knox,54706,Both Sexes,2012
Knox,29641,Male Only,2012
Knox,25065,Female Only,2012
Lake,685,Both Sexes,2012
Lake,380,Male Only,2012
Lake,305,Female Only,2012
Lauderdale,3551,Both Sexes,2012
Lauderdale,1817,Male Only,2012
Lauderdale,1734,Female Only,2012
Lawrence,6168,Both Sexes,2012
Lawrence,3316,Male Only,2012
Lawrence,2852,Female Only,2012
Lewis,1826,Both Sexes,2012
Lewis,963,Male Only,2012
Lewis,864,Female Only,2012
Lincoln,4163,Both Sexes,2012
Lincoln,2273,Male Only,2012
Lincoln,1891,Female Only,2012
Loudon,6291,Both Sexes,2012
Loudon,3372,Male Only,2012
Loudon,2919,Female Only,2012
McMinn,7338,Both Sexes,2012
McMinn,3987,Male Only,2012
McMinn,3351,Female Only,2012
McNairy,3544,Both Sexes,2012
McNairy,1958,Male Only,2012
McNairy,1586,Female Only,2012
Macon,3746,Both Sexes,2012
Macon,2056,Male Only,2012
Macon,1690,Female Only,2012
Madison,13369,Both Sexes,2012
Madison,7039,Male Only,2012
Madison,6329,Female Only,2012
Marion,3778,Both Sexes,2012
Marion,1998,Male Only,2012
Marion,1780,Female Only,2012
Marshall,4647,Both Sexes,2012
Marshall,2525,Male Only,2012
Marshall,2122,Female Only,2012
Maury,11023,Both Sexes,2012
Maury,6051,Male Only,2012
Maury,4972,Female Only,2012
Meigs,1596,Both Sexes,2012
Meigs,853,Male Only,2012
Meigs,743,Female Only,2012
Monroe,6820,Both Sexes,2012
Monroe,3635,Male Only,2012
Monroe,3186,Female Only,2012
Montgomery,23940,Both Sexes,2012
Montgomery,12988,Male Only,2012
Montgomery,10952,Female Only,2012
Moore,794,Both Sexes,2012
Moore,423,Male Only,2012
Moore,371,Female Only,2012
Morgan,2706,Both Sexes,2012
Morgan,1480,Male Only,2012
Morgan,1225,Female Only,2012
Obion,4251,Both Sexes,2012
Obion,2216,Male Only,2012
Obion,2036,Female Only,2012
Overton,2986,Both Sexes,2012
Overton,1626,Male Only,2012
Overton,1360,Female Only,2012
Perry,1225,Both Sexes,2012
Perry,692,Male Only,2012
Perry,533,Female Only,2012
Pickett,723,Both Sexes,2012
Pickett,397,Male Only,2012
Pickett,325,Female Only,2012
Polk,2357,Both Sexes,2012
Polk,1255,Male Only,2012
Polk,1102,Female Only,2012
Putnam,11557,Both Sexes,2012
Putnam,6502,Male Only,2012
Putnam,5054,Female Only,2012
Rhea,4294,Both Sexes,2012
Rhea,2306,Male Only,2012
Rhea,1988,Female Only,2012
Roane,6144,Both Sexes,2012
Roane,3326,Male Only,2012
Roane,2818,Female Only,2012
Robertson,9508,Both Sexes,2012
Robertson,5189,Male Only,2012
Robertson,4320,Female Only,2012
Rutherford,37707,Both Sexes,2012
Rutherford,21316,Male Only,2012
Rutherford,16390,Female Only,2012
Scott,3221,Both Sexes,2012
Scott,1731,Male Only,2012
Scott,1490,Female Only,2012
Sequatchie,2022,Both Sexes,2012
Sequatchie,1077,Male Only,2012
Sequatchie,945,Female Only,2012
Sevier,16871,Both Sexes,2012
Sevier,9289,Male Only,2012
Sevier,7583,Female Only,2012
Shelby,136382,Both Sexes,2012
Shelby,74695,Male Only,2012
Shelby,61687,Female Only,2012
Smith,2494,Both Sexes,2012
Smith,1367,Male Only,2012
Smith,1127,Female Only,2012
Stewart,1726,Both Sexes,2012
Stewart,923,Male Only,2012
Stewart,804,Female Only,2012
Sullivan,19072,Both Sexes,2012
Sullivan,10083,Male Only,2012
Sullivan,8988,Female Only,2012
Sumner,19336,Both Sexes,2012
Sumner,10667,Male Only,2012
Sumner,8668,Female Only,2012
Tipton,7536,Both Sexes,2012
Tipton,4020,Male Only,2012
Tipton,3517,Female Only,2012
Trousdale,1113,Both Sexes,2012
Trousdale,613,Male Only,2012
Trousdale,500,Female Only,2012
Unicoi,2374,Both Sexes,2012
Unicoi,1307,Male Only,2012
Unicoi,1068,Female Only,2012
Union,2899,Both Sexes,2012
Union,1566,Male Only,2012
Union,1333,Female Only,2012
Van,768,Both Sexes,2012
Van,415,Male Only,2012
Van,353,Female Only,2012
Warren,6548,Both Sexes,2012
Warren,3605,Male Only,2012
Warren,2943,Female Only,2012
Washington,16740,Both Sexes,2012
Washington,9143,Male Only,2012
Washington,7597,Female Only,2012
Wayne,2124,Both Sexes,2012
Wayne,1175,Male Only,2012
Wayne,949,Female Only,2012
Weakley,4240,Both Sexes,2012
Weakley,2332,Male Only,2012
Weakley,1908,Female Only,2012
White,3716,Both Sexes,2012
White,1963,Male Only,2012
White,1752,Female Only,2012
Williamson,13906,Both Sexes,2012
Williamson,7216,Male Only,2012
Williamson,6690,Female Only,2012
Wilson,13090,Both Sexes,2012
Wilson,7206,Male Only,2012
Wilson,5884,Female Only,2012
NAME,NUI_PT,SEX_DESC,time
Anderson,8209,Both Sexes,2013
Anderson,4414,Male Only,2013
Anderson,3795,Female Only,2013
Bedford,8512,Both Sexes,2013
Bedford,4612,Male Only,2013
Bedford,3900,Female Only,2013
Benton,2301,Both Sexes,2013
Benton,1213,Male Only,2013
Benton,1088,Female Only,2013
Bledsoe,1992,Both Sexes,2013
Bledsoe,1055,Male Only,2013
Bledsoe,937,Female Only,2013
Blount,15031,Both Sexes,2013
Blount,7913,Male Only,2013
Blount,7118,Female Only,2013
Bradley,14887,Both Sexes,2013
Bradley,8224,Male Only,2013
Bradley,6663,Female Only,2013
Campbell,5444,Both Sexes,2013
Campbell,2913,Male Only,2013
Campbell,2531,Female Only,2013
Cannon,1874,Both Sexes,2013
Cannon,1022,Male Only,2013
Cannon,852,Female Only,2013
Carroll,3550,Both Sexes,2013
Carroll,1950,Male Only,2013
Carroll,1600,Female Only,2013
Carter,8060,Both Sexes,2013
Carter,4282,Male Only,2013
Carter,3778,Female Only,2013
Cheatham,5026,Both Sexes,2013
Cheatham,2759,Male Only,2013
Cheatham,2267,Female Only,2013
Chester,2105,Both Sexes,2013
Chester,1117,Male Only,2013
Chester,988,Female Only,2013
Claiborne,4125,Both Sexes,2013
Claiborne,2184,Male Only,2013
Claiborne,1941,Female Only,2013
Clay,1125,Both Sexes,2013
Clay,603,Male Only,2013
Clay,522,Female Only,2013
Cocke,4930,Both Sexes,2013
Cocke,2528,Male Only,2013
Cocke,2402,Female Only,2013
Coffee,7361,Both Sexes,2013
Coffee,3941,Male Only,2013
Coffee,3420,Female Only,2013
Crockett,2388,Both Sexes,2013
Crockett,1273,Male Only,2013
Crockett,1115,Female Only,2013
Cumberland,7771,Both Sexes,2013
Cumberland,4272,Male Only,2013
Cumberland,3499,Female Only,2013
Davidson,103675,Both Sexes,2013
Davidson,57455,Male Only,2013
Davidson,46220,Female Only,2013
Decatur,1615,Both Sexes,2013
Decatur,866,Male Only,2013
Decatur,749,Female Only,2013
DeKalb,3125,Both Sexes,2013
DeKalb,1677,Male Only,2013
DeKalb,1448,Female Only,2013
Dickson,6899,Both Sexes,2013
Dickson,3573,Male Only,2013
Dickson,3326,Female Only,2013
Dyer,4429,Both Sexes,2013
Dyer,2370,Male Only,2013
Dyer,2059,Female Only,2013
Fayette,4588,Both Sexes,2013
Fayette,2552,Male Only,2013
Fayette,2036,Female Only,2013
Fentress,2612,Both Sexes,2013
Fentress,1422,Male Only,2013
Fentress,1190,Female Only,2013
Franklin,5010,Both Sexes,2013
Franklin,2654,Male Only,2013
Franklin,2356,Female Only,2013
Gibson,6315,Both Sexes,2013
Gibson,3361,Male Only,2013
Gibson,2954,Female Only,2013
Giles,3705,Both Sexes,2013
Giles,2052,Male Only,2013
Giles,1653,Female Only,2013
Grainger,3410,Both Sexes,2013
Grainger,1835,Male Only,2013
Grainger,1575,Female Only,2013
Greene,9449,Both Sexes,2013
Greene,5121,Male Only,2013
Greene,4328,Female Only,2013
Grundy,2014,Both Sexes,2013
Grundy,1080,Male Only,2013
Grundy,934,Female Only,2013
Hamblen,10443,Both Sexes,2013
Hamblen,5787,Male Only,2013
Hamblen,4656,Female Only,2013
Hamilton,43973,Both Sexes,2013
Hamilton,24661,Male Only,2013
Hamilton,19312,Female Only,2013
Hancock,902,Both Sexes,2013
Hancock,476,Male Only,2013
Hancock,426,Female Only,2013
Hardeman,2843,Both Sexes,2013
Hardeman,1454,Male Only,2013
Hardeman,1389,Female Only,2013
Hardin,3730,Both Sexes,2013
Hardin,1999,Male Only,2013
Hardin,1731,Female Only,2013
Hawkins,7058,Both Sexes,2013
Hawkins,3831,Male Only,2013
Hawkins,3227,Female Only,2013
Haywood,2476,Both Sexes,2013
Haywood,1347,Male Only,2013
Haywood,1129,Female Only,2013
Henderson,3566,Both Sexes,2013
Henderson,1860,Male Only,2013
Henderson,1706,Female Only,2013
Henry,4373,Both Sexes,2013
Henry,2347,Male Only,2013
Henry,2026,Female Only,2013
Hickman,3421,Both Sexes,2013
Hickman,1841,Male Only,2013
Hickman,1580,Female Only,2013
Houston,1158,Both Sexes,2013
Houston,603,Male Only,2013
Houston,555,Female Only,2013
Humphreys,2455,Both Sexes,2013
Humphreys,1359,Male Only,2013
Humphreys,1096,Female Only,2013
Jackson,1670,Both Sexes,2013
Jackson,907,Male Only,2013
Jackson,763,Female Only,2013
Jefferson,6891,Both Sexes,2013
Jefferson,3621,Male Only,2013
Jefferson,3270,Female Only,2013
Johnson,2299,Both Sexes,2013
Johnson,1218,Male Only,2013
Johnson,1081,Female Only,2013
Knox,51902,Both Sexes,2013
Knox,28998,Male Only,2013
Knox,22904,Female Only,2013
Lake,655,Both Sexes,2013
Lake,353,Male Only,2013
Lake,302,Female Only,2013
Lauderdale,3290,Both Sexes,2013
Lauderdale,1772,Male Only,2013
Lauderdale,1518,Female Only,2013
Lawrence,5717,Both Sexes,2013
Lawrence,3055,Male Only,2013
Lawrence,2662,Female Only,2013
Lewis,1906,Both Sexes,2013
Lewis,1024,Male Only,2013
Lewis,882,Female Only,2013
Lincoln,4365,Both Sexes,2013
Lincoln,2334,Male Only,2013
Lincoln,2031,Female Only,2013
Loudon,6813,Both Sexes,2013
Loudon,3635,Male Only,2013
Loudon,3178,Female Only,2013
McMinn,7158,Both Sexes,2013
McMinn,3862,Male Only,2013
McMinn,3296,Female Only,2013
McNairy,3648,Both Sexes,2013
McNairy,1925,Male Only,2013
McNairy,1723,Female Only,2013
Macon,3707,Both Sexes,2013
Macon,1967,Male Only,2013
Macon,1740,Female Only,2013
Madison,11936,Both Sexes,2013
Madison,6357,Male Only,2013
Madison,5579,Female Only,2013
Marion,3488,Both Sexes,2013
Marion,1895,Male Only,2013
Marion,1593,Female Only,2013
Marshall,4660,Both Sexes,2013
Marshall,2496,Male Only,2013
Marshall,2164,Female Only,2013
Maury,11199,Both Sexes,2013
Maury,5867,Male Only,2013
Maury,5332,Female Only,2013
Meigs,1606,Both Sexes,2013
Meigs,861,Male Only,2013
Meigs,745,Female Only,2013
Monroe,6464,Both Sexes,2013
Monroe,3437,Male Only,2013
Monroe,3027,Female Only,2013
Montgomery,23166,Both Sexes,2013
Montgomery,12756,Male Only,2013
Montgomery,10410,Female Only,2013
Moore,761,Both Sexes,2013
Moore,404,Male Only,2013
Moore,357,Female Only,2013
Morgan,2585,Both Sexes,2013
Morgan,1423,Male Only,2013
Morgan,1162,Female Only,2013
Obion,4213,Both Sexes,2013
Obion,2243,Male Only,2013
Obion,1970,Female Only,2013
Overton,2987,Both Sexes,2013
Overton,1649,Male Only,2013
Overton,1338,Female Only,2013
Perry,1195,Both Sexes,2013
Perry,649,Male Only,2013
Perry,546,Female Only,2013
Pickett,741,Both Sexes,2013
Pickett,393,Male Only,2013
Pickett,348,Female Only,2013
Polk,2312,Both Sexes,2013
Polk,1209,Male Only,2013
Polk,1103,Female Only,2013
Putnam,11080,Both Sexes,2013
Putnam,6186,Male Only,2013
Putnam,4894,Female Only,2013
Rhea,4282,Both Sexes,2013
Rhea,2361,Male Only,2013
Rhea,1921,Female Only,2013
Roane,5738,Both Sexes,2013
Roane,3084,Male Only,2013
Roane,2654,Female Only,2013
Robertson,9374,Both Sexes,2013
Robertson,5011,Male Only,2013
Robertson,4363,Female Only,2013
Rutherford,39925,Both Sexes,2013
Rutherford,21856,Male Only,2013
Rutherford,18069,Female Only,2013
Scott,3014,Both Sexes,2013
Scott,1691,Male Only,2013
Scott,1323,Female Only,2013
Sequatchie,1927,Both Sexes,2013
Sequatchie,1015,Male Only,2013
Sequatchie,912,Female Only,2013
Sevier,17153,Both Sexes,2013
Sevier,8984,Male Only,2013
Sevier,8169,Female Only,2013
Shelby,141686,Both Sexes,2013
Shelby,78261,Male Only,2013
Shelby,63425,Female Only,2013
Smith,2414,Both Sexes,2013
Smith,1299,Male Only,2013
Smith,1115,Female Only,2013
Stewart,1795,Both Sexes,2013
Stewart,963,Male Only,2013
Stewart,832,Female Only,2013
Sullivan,18458,Both Sexes,2013
Sullivan,10324,Male Only,2013
Sullivan,8134,Female Only,2013
Sumner,20054,Both Sexes,2013
Sumner,10597,Male Only,2013
Sumner,9457,Female Only,2013
Tipton,7338,Both Sexes,2013
Tipton,3852,Male Only,2013
Tipton,3486,Female Only,2013
Trousdale,1200,Both Sexes,2013
Trousdale,657,Male Only,2013
Trousdale,543,Female Only,2013
Unicoi,2315,Both Sexes,2013
Unicoi,1270,Male Only,2013
Unicoi,1045,Female Only,2013
Union,2866,Both Sexes,2013
Union,1527,Male Only,2013
Union,1339,Female Only,2013
VanBuren,805,Both Sexes,2013
VanBuren,427,Male Only,2013
VanBuren,378,Female Only,2013
Warren,6777,Both Sexes,2013
Warren,3804,Male Only,2013
Warren,2973,Female Only,2013
Washington,15661,Both Sexes,2013
Washington,8515,Male Only,2013
Washington,7146,Female Only,2013
Wayne,2216,Both Sexes,2013
Wayne,1193,Male Only,2013
Wayne,1023,Female Only,2013
Weakley,4262,Both Sexes,2013
Weakley,2415,Male Only,2013
Weakley,1847,Female Only,2013
White,3548,Both Sexes,2013
White,1933,Male Only,2013
White,1615,Female Only,2013
Williamson,15523,Both Sexes,2013
Williamson,7953,Male Only,2013
Williamson,7570,Female Only,2013
Wilson,13518,Both Sexes,2013
Wilson,7326,Male Only,2013
Wilson,6192,Female Only,2013
Anderson,7758,Both Sexes,2014
Anderson,4336,Male Only,2014
Anderson,3422,Female Only,2014
Bedford,7354,Both Sexes,2014
Bedford,3946,Male Only,2014
Bedford,3408,Female Only,2014
Benton,1968,Both Sexes,2014
Benton,1046,Male Only,2014
Benton,922,Female Only,2014
Bledsoe,1617,Both Sexes,2014
Bledsoe,882,Male Only,2014
Bledsoe,735,Female Only,2014
Blount,13293,Both Sexes,2014
Blount,7341,Male Only,2014
Blount,5952,Female Only,2014
Bradley,13220,Both Sexes,2014
Bradley,7290,Male Only,2014
Bradley,5930,Female Only,2014
Campbell,4929,Both Sexes,2014
Campbell,2600,Male Only,2014
Campbell,2329,Female Only,2014
Cannon,1712,Both Sexes,2014
Cannon,953,Male Only,2014
Cannon,759,Female Only,2014
Carroll,3006,Both Sexes,2014
Carroll,1672,Male Only,2014
Carroll,1334,Female Only,2014
Carter,7007,Both Sexes,2014
Carter,3885,Male Only,2014
Carter,3122,Female Only,2014
Cheatham,4647,Both Sexes,2014
Cheatham,2506,Male Only,2014
Cheatham,2141,Female Only,2014
Chester,1828,Both Sexes,2014
Chester,966,Male Only,2014
Chester,862,Female Only,2014
Claiborne,3648,Both Sexes,2014
Claiborne,2004,Male Only,2014
Claiborne,1644,Female Only,2014
Clay,947,Both Sexes,2014
Clay,500,Male Only,2014
Clay,447,Female Only,2014
Cocke,4267,Both Sexes,2014
Cocke,2284,Male Only,2014
Cocke,1983,Female Only,2014
Coffee,6502,Both Sexes,2014
Coffee,3437,Male Only,2014
Coffee,3065,Female Only,2014
Crockett,2167,Both Sexes,2014
Crockett,1170,Male Only,2014
Crockett,997,Female Only,2014
Cumberland,6623,Both Sexes,2014
Cumberland,3468,Male Only,2014
Cumberland,3155,Female Only,2014
Davidson,93801,Both Sexes,2014
Davidson,51251,Male Only,2014
Davidson,42550,Female Only,2014
Decatur,1445,Both Sexes,2014
Decatur,762,Male Only,2014
Decatur,683,Female Only,2014
DeKalb,2822,Both Sexes,2014
DeKalb,1535,Male Only,2014
DeKalb,1287,Female Only,2014
Dickson,6053,Both Sexes,2014
Dickson,3256,Male Only,2014
Dickson,2797,Female Only,2014
Dyer,3928,Both Sexes,2014
Dyer,2110,Male Only,2014
Dyer,1818,Female Only,2014
Fayette,3880,Both Sexes,2014
Fayette,2175,Male Only,2014
Fayette,1705,Female Only,2014
Fentress,2331,Both Sexes,2014
Fentress,1281,Male Only,2014
Fentress,1050,Female Only,2014
Franklin,4261,Both Sexes,2014
Franklin,2262,Male Only,2014
Franklin,1999,Female Only,2014
Gibson,5185,Both Sexes,2014
Gibson,2816,Male Only,2014
Gibson,2369,Female Only,2014
Giles,3285,Both Sexes,2014
Giles,1778,Male Only,2014
Giles,1507,Female Only,2014
Grainger,2997,Both Sexes,2014
Grainger,1638,Male Only,2014
Grainger,1359,Female Only,2014
Greene,8054,Both Sexes,2014
Greene,4443,Male Only,2014
Greene,3611,Female Only,2014
Grundy,1776,Both Sexes,2014
Grundy,971,Male Only,2014
Grundy,805,Female Only,2014
Hamblen,8690,Both Sexes,2014
Hamblen,4662,Male Only,2014
Hamblen,4028,Female Only,2014
Hamilton,37436,Both Sexes,2014
Hamilton,20949,Male Only,2014
Hamilton,16487,Female Only,2014
Hancock,774,Both Sexes,2014
Hancock,417,Male Only,2014
Hancock,357,Female Only,2014
Hardeman,2552,Both Sexes,2014
Hardeman,1289,Male Only,2014
Hardeman,1263,Female Only,2014
Hardin,3118,Both Sexes,2014
Hardin,1685,Male Only,2014
Hardin,1433,Female Only,2014
Hawkins,5824,Both Sexes,2014
Hawkins,3141,Male Only,2014
Hawkins,2683,Female Only,2014
Haywood,2161,Both Sexes,2014
Haywood,1135,Male Only,2014
Haywood,1026,Female Only,2014
Henderson,3190,Both Sexes,2014
Henderson,1722,Male Only,2014
Henderson,1468,Female Only,2014
Henry,3813,Both Sexes,2014
Henry,2070,Male Only,2014
Henry,1743,Female Only,2014
Hickman,3001,Both Sexes,2014
Hickman,1631,Male Only,2014
Hickman,1370,Female Only,2014
Houston,949,Both Sexes,2014
Houston,506,Male Only,2014
Houston,443,Female Only,2014
Humphreys,2039,Both Sexes,2014
Humphreys,1147,Male Only,2014
Humphreys,892,Female Only,2014
Jackson,1392,Both Sexes,2014
Jackson,774,Male Only,2014
Jackson,618,Female Only,2014
Jefferson,5789,Both Sexes,2014
Jefferson,3181,Male Only,2014
Jefferson,2608,Female Only,2014
Johnson,1892,Both Sexes,2014
Johnson,999,Male Only,2014
Johnson,893,Female Only,2014
Knox,46068,Both Sexes,2014
Knox,25411,Male Only,2014
Knox,20657,Female Only,2014
Lake,576,Both Sexes,2014
Lake,304,Male Only,2014
Lake,272,Female Only,2014
Lauderdale,2910,Both Sexes,2014
Lauderdale,1540,Male Only,2014
Lauderdale,1370,Female Only,2014
Lawrence,5327,Both Sexes,2014
Lawrence,2785,Male Only,2014
Lawrence,2542,Female Only,2014
Lewis,1624,Both Sexes,2014
Lewis,900,Male Only,2014
Lewis,724,Female Only,2014
Lincoln,3926,Both Sexes,2014
Lincoln,2130,Male Only,2014
Lincoln,1796,Female Only,2014
Loudon,6062,Both Sexes,2014
Loudon,3230,Male Only,2014
Loudon,2832,Female Only,2014
McMinn,5750,Both Sexes,2014
McMinn,3158,Male Only,2014
McMinn,2592,Female Only,2014
McNairy,3154,Both Sexes,2014
McNairy,1650,Male Only,2014
McNairy,1504,Female Only,2014
Macon,3311,Both Sexes,2014
Macon,1793,Male Only,2014
Macon,1518,Female Only,2014
Madison,10165,Both Sexes,2014
Madison,5452,Male Only,2014
Madison,4713,Female Only,2014
Marion,3461,Both Sexes,2014
Marion,1850,Male Only,2014
Marion,1611,Female Only,2014
Marshall,3914,Both Sexes,2014
Marshall,2065,Male Only,2014
Marshall,1849,Female Only,2014
Maury,9682,Both Sexes,2014
Maury,5199,Male Only,2014
Maury,4483,Female Only,2014
Meigs,1368,Both Sexes,2014
Meigs,743,Male Only,2014
Meigs,625,Female Only,2014
Monroe,6089,Both Sexes,2014
Monroe,3316,Male Only,2014
Monroe,2773,Female Only,2014
Montgomery,20288,Both Sexes,2014
Montgomery,11178,Male Only,2014
Montgomery,9110,Female Only,2014
Moore,670,Both Sexes,2014
Moore,358,Male Only,2014
Moore,312,Female Only,2014
Morgan,2218,Both Sexes,2014
Morgan,1192,Male Only,2014
Morgan,1026,Female Only,2014
Obion,3595,Both Sexes,2014
Obion,1975,Male Only,2014
Obion,1620,Female Only,2014
Overton,2700,Both Sexes,2014
Overton,1502,Male Only,2014
Overton,1198,Female Only,2014
Perry,998,Both Sexes,2014
Perry,538,Male Only,2014
Perry,460,Female Only,2014
Pickett,590,Both Sexes,2014
Pickett,327,Male Only,2014
Pickett,263,Female Only,2014
Polk,2040,Both Sexes,2014
Polk,1117,Male Only,2014
Polk,923,Female Only,2014
Putnam,9206,Both Sexes,2014
Putnam,5270,Male Only,2014
Putnam,3936,Female Only,2014
Rhea,3806,Both Sexes,2014
Rhea,2089,Male Only,2014
Rhea,1717,Female Only,2014
Roane,5430,Both Sexes,2014
Roane,2926,Male Only,2014
Roane,2504,Female Only,2014
Robertson,8101,Both Sexes,2014
Robertson,4607,Male Only,2014
Robertson,3494,Female Only,2014
Rutherford,30944,Both Sexes,2014
Rutherford,16852,Male Only,2014
Rutherford,14092,Female Only,2014
Scott,2695,Both Sexes,2014
Scott,1484,Male Only,2014
Scott,1211,Female Only,2014
Sequatchie,1721,Both Sexes,2014
Sequatchie,940,Male Only,2014
Sequatchie,781,Female Only,2014
Sevier,15115,Both Sexes,2014
Sevier,8164,Male Only,2014
Sevier,6951,Female Only,2014
Shelby,122149,Both Sexes,2014
Shelby,66223,Male Only,2014
Shelby,55926,Female Only,2014
Smith,2275,Both Sexes,2014
Smith,1220,Male Only,2014
Smith,1055,Female Only,2014
Stewart,1592,Both Sexes,2014
Stewart,882,Male Only,2014
Stewart,710,Female Only,2014
Sullivan,17493,Both Sexes,2014
Sullivan,9588,Male Only,2014
Sullivan,7905,Female Only,2014
Sumner,17130,Both Sexes,2014
Sumner,9318,Male Only,2014
Sumner,7812,Female Only,2014
Tipton,6178,Both Sexes,2014
Tipton,3328,Male Only,2014
Tipton,2850,Female Only,2014
Trousdale,1022,Both Sexes,2014
Trousdale,563,Male Only,2014
Trousdale,459,Female Only,2014
Unicoi,2161,Both Sexes,2014
Unicoi,1210,Male Only,2014
Unicoi,951,Female Only,2014
Union,2589,Both Sexes,2014
Union,1411,Male Only,2014
Union,1178,Female Only,2014
VanBuren,688,Both Sexes,2014
VanBuren,374,Male Only,2014
VanBuren,314,Female Only,2014
Warren,5953,Both Sexes,2014
Warren,3303,Male Only,2014
Warren,2650,Female Only,2014
Washington,13435,Both Sexes,2014
Washington,7226,Male Only,2014
Washington,6209,Female Only,2014
Wayne,1784,Both Sexes,2014
Wayne,948,Male Only,2014
Wayne,836,Female Only,2014
Weakley,3433,Both Sexes,2014
Weakley,1846,Male Only,2014
Weakley,1587,Female Only,2014
White,3098,Both Sexes,2014
White,1628,Male Only,2014
White,1470,Female Only,2014
Williamson,13645,Both Sexes,2014
Williamson,7107,Male Only,2014
Williamson,6538,Female Only,2014
Wilson,11966,Both Sexes,2014
Wilson,6280,Male Only,2014
Wilson,5686,Female Only,2014
Anderson,6149,Both Sexes,2015
Anderson,3547,Male Only,2015
Anderson,2602,Female Only,2015
Bedford,6702,Both Sexes,2015
Bedford,3886,Male Only,2015
Bedford,2816,Female Only,2015
Benton,1790,Both Sexes,2015
Benton,1016,Male Only,2015
Benton,774,Female Only,2015
Bledsoe,1379,Both Sexes,2015
Bledsoe,787,Male Only,2015
Bledsoe,592,Female Only,2015
Blount,11100,Both Sexes,2015
Blount,6079,Male Only,2015
Blount,5021,Female Only,2015
Bradley,10934,Both Sexes,2015
Bradley,6146,Male Only,2015
Bradley,4788,Female Only,2015
Campbell,3953,Both Sexes,2015
Campbell,2150,Male Only,2015
Campbell,1803,Female Only,2015
Cannon,1439,Both Sexes,2015
Cannon,828,Male Only,2015
Cannon,611,Female Only,2015
Carroll,2418,Both Sexes,2015
Carroll,1373,Male Only,2015
Carroll,1045,Female Only,2015
Carter,6177,Both Sexes,2015
Carter,3497,Male Only,2015
Carter,2680,Female Only,2015
Cheatham,3834,Both Sexes,2015
Cheatham,2123,Male Only,2015
Cheatham,1711,Female Only,2015
Chester,1605,Both Sexes,2015
Chester,873,Male Only,2015
Chester,732,Female Only,2015
Claiborne,3026,Both Sexes,2015
Claiborne,1657,Male Only,2015
Claiborne,1369,Female Only,2015
Clay,817,Both Sexes,2015
Clay,452,Male Only,2015
Clay,365,Female Only,2015
Cocke,3252,Both Sexes,2015
Cocke,1685,Male Only,2015
Cocke,1567,Female Only,2015
Coffee,5513,Both Sexes,2015
Coffee,3019,Male Only,2015
Coffee,2494,Female Only,2015
Crockett,1839,Both Sexes,2015
Crockett,1022,Male Only,2015
Crockett,817,Female Only,2015
Cumberland,5643,Both Sexes,2015
Cumberland,3162,Male Only,2015
Cumberland,2481,Female Only,2015
Davidson,81013,Both Sexes,2015
Davidson,46687,Male Only,2015
Davidson,34326,Female Only,2015
Decatur,1254,Both Sexes,2015
Decatur,706,Male Only,2015
Decatur,548,Female Only,2015
DeKalb,2395,Both Sexes,2015
DeKalb,1418,Male Only,2015
DeKalb,977,Female Only,2015
Dickson,5094,Both Sexes,2015
Dickson,2778,Male Only,2015
Dickson,2316,Female Only,2015
Dyer,3207,Both Sexes,2015
Dyer,1735,Male Only,2015
Dyer,1472,Female Only,2015
Fayette,3046,Both Sexes,2015
Fayette,1647,Male Only,2015
Fayette,1399,Female Only,2015
Fentress,1897,Both Sexes,2015
Fentress,1053,Male Only,2015
Fentress,844,Female Only,2015
Franklin,3603,Both Sexes,2015
Franklin,1918,Male Only,2015
Franklin,1685,Female Only,2015
Gibson,4375,Both Sexes,2015
Gibson,2343,Male Only,2015
Gibson,2032,Female Only,2015
Giles,2882,Both Sexes,2015
Giles,1586,Male Only,2015
Giles,1296,Female Only,2015
Grainger,2388,Both Sexes,2015
Grainger,1320,Male Only,2015
Grainger,1068,Female Only,2015
Greene,6626,Both Sexes,2015
Greene,3597,Male Only,2015
Greene,3029,Female Only,2015
Grundy,1553,Both Sexes,2015
Grundy,880,Male Only,2015
Grundy,673,Female Only,2015
Hamblen,7414,Both Sexes,2015
Hamblen,4213,Male Only,2015
Hamblen,3201,Female Only,2015
Hamilton,32463,Both Sexes,2015
Hamilton,17848,Male Only,2015
Hamilton,14615,Female Only,2015
Hancock,570,Both Sexes,2015
Hancock,313,Male Only,2015
Hancock,257,Female Only,2015
Hardeman,2094,Both Sexes,2015
Hardeman,1122,Male Only,2015
Hardeman,972,Female Only,2015
Hardin,2819,Both Sexes,2015
Hardin,1514,Male Only,2015
Hardin,1305,Female Only,2015
Hawkins,4926,Both Sexes,2015
Hawkins,2855,Male Only,2015
Hawkins,2071,Female Only,2015
Haywood,1761,Both Sexes,2015
Haywood,973,Male Only,2015
Haywood,788,Female Only,2015
Henderson,2515,Both Sexes,2015
Henderson,1427,Male Only,2015
Henderson,1088,Female Only,2015
Henry,3227,Both Sexes,2015
Henry,1886,Male Only,2015
Henry,1341,Female Only,2015
Hickman,2482,Both Sexes,2015
Hickman,1423,Male Only,2015
Hickman,1059,Female Only,2015
Houston,820,Both Sexes,2015
Houston,465,Male Only,2015
Houston,355,Female Only,2015
Humphreys,1622,Both Sexes,2015
Humphreys,881,Male Only,2015
Humphreys,741,Female Only,2015
Jackson,1201,Both Sexes,2015
Jackson,667,Male Only,2015
Jackson,534,Female Only,2015
Jefferson,5024,Both Sexes,2015
Jefferson,2832,Male Only,2015
Jefferson,2192,Female Only,2015
Johnson,1583,Both Sexes,2015
Johnson,897,Male Only,2015
Johnson,686,Female Only,2015
Knox,40387,Both Sexes,2015
Knox,22182,Male Only,2015
Knox,18205,Female Only,2015
Lake,469,Both Sexes,2015
Lake,268,Male Only,2015
Lake,201,Female Only,2015
Lauderdale,2437,Both Sexes,2015
Lauderdale,1318,Male Only,2015
Lauderdale,1119,Female Only,2015
Lawrence,4437,Both Sexes,2015
Lawrence,2424,Male Only,2015
Lawrence,2013,Female Only,2015
Lewis,1372,Both Sexes,2015
Lewis,774,Male Only,2015
Lewis,598,Female Only,2015
Lincoln,3110,Both Sexes,2015
Lincoln,1779,Male Only,2015
Lincoln,1331,Female Only,2015
Loudon,5135,Both Sexes,2015
Loudon,2877,Male Only,2015
Loudon,2258,Female Only,2015
McMinn,5032,Both Sexes,2015
McMinn,2823,Male Only,2015
McMinn,2209,Female Only,2015
McNairy,2667,Both Sexes,2015
McNairy,1487,Male Only,2015
McNairy,1180,Female Only,2015
Macon,2851,Both Sexes,2015
Macon,1558,Male Only,2015
Macon,1293,Female Only,2015
Madison,8540,Both Sexes,2015
Madison,4796,Male Only,2015
Madison,3744,Female Only,2015
Marion,2636,Both Sexes,2015
Marion,1402,Male Only,2015
Marion,1234,Female Only,2015
Marshall,3113,Both Sexes,2015
Marshall,1663,Male Only,2015
Marshall,1450,Female Only,2015
Maury,8447,Both Sexes,2015
Maury,4619,Male Only,2015
Maury,3828,Female Only,2015
Meigs,1250,Both Sexes,2015
Meigs,674,Male Only,2015
Meigs,576,Female Only,2015
Monroe,5183,Both Sexes,2015
Monroe,2891,Male Only,2015
Monroe,2292,Female Only,2015
Montgomery,15248,Both Sexes,2015
Montgomery,8550,Male Only,2015
Montgomery,6698,Female Only,2015
Moore,558,Both Sexes,2015
Moore,310,Male Only,2015
Moore,248,Female Only,2015
Morgan,1711,Both Sexes,2015
Morgan,941,Male Only,2015
Morgan,770,Female Only,2015
Obion,3100,Both Sexes,2015
Obion,1684,Male Only,2015
Obion,1416,Female Only,2015
Overton,2184,Both Sexes,2015
Overton,1229,Male Only,2015
Overton,955,Female Only,2015
Perry,837,Both Sexes,2015
Perry,471,Male Only,2015
Perry,366,Female Only,2015
Pickett,476,Both Sexes,2015
Pickett,262,Male Only,2015
Pickett,214,Female Only,2015
Polk,1620,Both Sexes,2015
Polk,905,Male Only,2015
Polk,715,Female Only,2015
Putnam,8009,Both Sexes,2015
Putnam,4546,Male Only,2015
Putnam,3463,Female Only,2015
Rhea,3359,Both Sexes,2015
Rhea,1848,Male Only,2015
Rhea,1511,Female Only,2015
Roane,4577,Both Sexes,2015
Roane,2550,Male Only,2015
Roane,2027,Female Only,2015
Robertson,6637,Both Sexes,2015
Robertson,3721,Male Only,2015
Robertson,2916,Female Only,2015
Rutherford,27913,Both Sexes,2015
Rutherford,15864,Male Only,2015
Rutherford,12049,Female Only,2015
Scott,2262,Both Sexes,2015
Scott,1274,Male Only,2015
Scott,988,Female Only,2015
Sequatchie,1357,Both Sexes,2015
Sequatchie,738,Male Only,2015
Sequatchie,619,Female Only,2015
Sevier,12947,Both Sexes,2015
Sevier,6973,Male Only,2015
Sevier,5974,Female Only,2015
Shelby,110137,Both Sexes,2015
Shelby,61656,Male Only,2015
Shelby,48481,Female Only,2015
Smith,1638,Both Sexes,2015
Smith,928,Male Only,2015
Smith,710,Female Only,2015
Stewart,1268,Both Sexes,2015
Stewart,726,Male Only,2015
Stewart,542,Female Only,2015
Sullivan,13743,Both Sexes,2015
Sullivan,8042,Male Only,2015
Sullivan,5701,Female Only,2015
Sumner,16182,Both Sexes,2015
Sumner,8888,Male Only,2015
Sumner,7294,Female Only,2015
Tipton,5428,Both Sexes,2015
Tipton,3104,Male Only,2015
Tipton,2324,Female Only,2015
Trousdale,914,Both Sexes,2015
Trousdale,514,Male Only,2015
Trousdale,400,Female Only,2015
Unicoi,1835,Both Sexes,2015
Unicoi,1037,Male Only,2015
Unicoi,798,Female Only,2015
Union,2409,Both Sexes,2015
Union,1271,Male Only,2015
Union,1138,Female Only,2015
VanBuren,539,Both Sexes,2015
VanBuren,300,Male Only,2015
VanBuren,239,Female Only,2015
Warren,4952,Both Sexes,2015
Warren,2828,Male Only,2015
Warren,2124,Female Only,2015
Washington,11612,Both Sexes,2015
Washington,6326,Male Only,2015
Washington,5286,Female Only,2015
Wayne,1445,Both Sexes,2015
Wayne,783,Male Only,2015
Wayne,662,Female Only,2015
Weakley,2719,Both Sexes,2015
Weakley,1591,Male Only,2015
Weakley,1128,Female Only,2015
White,2825,Both Sexes,2015
White,1569,Male Only,2015
White,1256,Female Only,2015
Williamson,11184,Both Sexes,2015
Williamson,6376,Male Only,2015
Williamson,4808,Female Only,2015
Wilson,10120,Both Sexes,2015
Wilson,5429,Male Only,2015
Wilson,4691,Female Only,2015
Anderson,5550,Both Sexes,2016
Anderson,3260,Male Only,2016
Anderson,2290,Female Only,2016
Bedford,5173,Both Sexes,2016
Bedford,2968,Male Only,2016
Bedford,2205,Female Only,2016
Benton,1431,Both Sexes,2016
Benton,799,Male Only,2016
Benton,632,Female Only,2016
Bledsoe,1331,Both Sexes,2016
Bledsoe,735,Male Only,2016
Bledsoe,596,Female Only,2016
Blount,10388,Both Sexes,2016
Blount,5835,Male Only,2016
Blount,4553,Female Only,2016
Bradley,11037,Both Sexes,2016
Bradley,5841,Male Only,2016
Bradley,5196,Female Only,2016
Campbell,3616,Both Sexes,2016
Campbell,2044,Male Only,2016
Campbell,1572,Female Only,2016
Cannon,1339,Both Sexes,2016
Cannon,765,Male Only,2016
Cannon,574,Female Only,2016
Carroll,2102,Both Sexes,2016
Carroll,1115,Male Only,2016
Carroll,987,Female Only,2016
Carter,5004,Both Sexes,2016
Carter,2743,Male Only,2016
Carter,2261,Female Only,2016
Cheatham,3197,Both Sexes,2016
Cheatham,1804,Male Only,2016
Cheatham,1393,Female Only,2016
Chester,1538,Both Sexes,2016
Chester,898,Male Only,2016
Chester,640,Female Only,2016
Claiborne,2461,Both Sexes,2016
Claiborne,1415,Male Only,2016
Claiborne,1046,Female Only,2016
Clay,714,Both Sexes,2016
Clay,399,Male Only,2016
Clay,315,Female Only,2016
Cocke,3002,Both Sexes,2016
Cocke,1578,Male Only,2016
Cocke,1424,Female Only,2016
Coffee,4851,Both Sexes,2016
Coffee,2785,Male Only,2016
Coffee,2066,Female Only,2016
Crockett,1620,Both Sexes,2016
Crockett,914,Male Only,2016
Crockett,706,Female Only,2016
Cumberland,5013,Both Sexes,2016
Cumberland,2833,Male Only,2016
Cumberland,2180,Female Only,2016
Davidson,73272,Both Sexes,2016
Davidson,41196,Male Only,2016
Davidson,32076,Female Only,2016
Decatur,1084,Both Sexes,2016
Decatur,585,Male Only,2016
Decatur,499,Female Only,2016
DeKalb,2007,Both Sexes,2016
DeKalb,1083,Male Only,2016
DeKalb,924,Female Only,2016
Dickson,4878,Both Sexes,2016
Dickson,2720,Male Only,2016
Dickson,2158,Female Only,2016
Dyer,3029,Both Sexes,2016
Dyer,1645,Male Only,2016
Dyer,1384,Female Only,2016
Fayette,2904,Both Sexes,2016
Fayette,1619,Male Only,2016
Fayette,1285,Female Only,2016
Fentress,1728,Both Sexes,2016
Fentress,912,Male Only,2016
Fentress,816,Female Only,2016
Franklin,3434,Both Sexes,2016
Franklin,1942,Male Only,2016
Franklin,1492,Female Only,2016
Gibson,3673,Both Sexes,2016
Gibson,2093,Male Only,2016
Gibson,1580,Female Only,2016
Giles,2662,Both Sexes,2016
Giles,1518,Male Only,2016
Giles,1144,Female Only,2016
Grainger,2230,Both Sexes,2016
Grainger,1217,Male Only,2016
Grainger,1013,Female Only,2016
Greene,5761,Both Sexes,2016
Greene,3050,Male Only,2016
Greene,2711,Female Only,2016
Grundy,1434,Both Sexes,2016
Grundy,837,Male Only,2016
Grundy,597,Female Only,2016
Hamblen,6756,Both Sexes,2016
Hamblen,3805,Male Only,2016
Hamblen,2951,Female Only,2016
Hamilton,28689,Both Sexes,2016
Hamilton,15782,Male Only,2016
Hamilton,12907,Female Only,2016
Hancock,603,Both Sexes,2016
Hancock,334,Male Only,2016
Hancock,269,Female Only,2016
Hardeman,1886,Both Sexes,2016
Hardeman,1072,Male Only,2016
Hardeman,814,Female Only,2016
Hardin,2293,Both Sexes,2016
Hardin,1259,Male Only,2016
Hardin,1034,Female Only,2016
Hawkins,4742,Both Sexes,2016
Hawkins,2654,Male Only,2016
Hawkins,2088,Female Only,2016
Haywood,1510,Both Sexes,2016
Haywood,819,Male Only,2016
Haywood,691,Female Only,2016
Henderson,2513,Both Sexes,2016
Henderson,1385,Male Only,2016
Henderson,1128,Female Only,2016
Henry,2868,Both Sexes,2016
Henry,1682,Male Only,2016
Henry,1186,Female Only,2016
Hickman,2373,Both Sexes,2016
Hickman,1339,Male Only,2016
Hickman,1034,Female Only,2016
Houston,736,Both Sexes,2016
Houston,411,Male Only,2016
Houston,325,Female Only,2016
Humphreys,1424,Both Sexes,2016
Humphreys,785,Male Only,2016
Humphreys,639,Female Only,2016
Jackson,1166,Both Sexes,2016
Jackson,655,Male Only,2016
Jackson,511,Female Only,2016
Jefferson,4519,Both Sexes,2016
Jefferson,2548,Male Only,2016
Jefferson,1971,Female Only,2016
Johnson,1483,Both Sexes,2016
Johnson,828,Male Only,2016
Johnson,655,Female Only,2016
Knox,34810,Both Sexes,2016
Knox,19435,Male Only,2016
Knox,15375,Female Only,2016
Lake,452,Both Sexes,2016
Lake,252,Male Only,2016
Lake,200,Female Only,2016
Lauderdale,2257,Both Sexes,2016
Lauderdale,1272,Male Only,2016
Lauderdale,985,Female Only,2016
Lawrence,4018,Both Sexes,2016
Lawrence,2263,Male Only,2016
Lawrence,1755,Female Only,2016
Lewis,1090,Both Sexes,2016
Lewis,629,Male Only,2016
Lewis,461,Female Only,2016
Lincoln,3011,Both Sexes,2016
Lincoln,1696,Male Only,2016
Lincoln,1315,Female Only,2016
Loudon,4702,Both Sexes,2016
Loudon,2629,Male Only,2016
Loudon,2073,Female Only,2016
McMinn,4359,Both Sexes,2016
McMinn,2391,Male Only,2016
McMinn,1968,Female Only,2016
McNairy,2419,Both Sexes,2016
McNairy,1402,Male Only,2016
McNairy,1017,Female Only,2016
Macon,2815,Both Sexes,2016
Macon,1562,Male Only,2016
Macon,1253,Female Only,2016
Madison,7113,Both Sexes,2016
Madison,3874,Male Only,2016
Madison,3239,Female Only,2016
Marion,2228,Both Sexes,2016
Marion,1232,Male Only,2016
Marion,996,Female Only,2016
Marshall,3028,Both Sexes,2016
Marshall,1597,Male Only,2016
Marshall,1431,Female Only,2016
Maury,7117,Both Sexes,2016
Maury,3875,Male Only,2016
Maury,3242,Female Only,2016
Meigs,1123,Both Sexes,2016
Meigs,625,Male Only,2016
Meigs,498,Female Only,2016
Monroe,4468,Both Sexes,2016
Monroe,2604,Male Only,2016
Monroe,1864,Female Only,2016
Montgomery,15343,Both Sexes,2016
Montgomery,8395,Male Only,2016
Montgomery,6948,Female Only,2016
Moore,454,Both Sexes,2016
Moore,252,Male Only,2016
Moore,202,Female Only,2016
Morgan,1839,Both Sexes,2016
Morgan,1055,Male Only,2016
Morgan,784,Female Only,2016
Obion,2681,Both Sexes,2016
Obion,1497,Male Only,2016
Obion,1184,Female Only,2016
Overton,2074,Both Sexes,2016
Overton,1181,Male Only,2016
Overton,893,Female Only,2016
Perry,716,Both Sexes,2016
Perry,407,Male Only,2016
Perry,309,Female Only,2016
Pickett,396,Both Sexes,2016
Pickett,219,Male Only,2016
Pickett,177,Female Only,2016
Polk,1428,Both Sexes,2016
Polk,819,Male Only,2016
Polk,609,Female Only,2016
Putnam,7444,Both Sexes,2016
Putnam,4282,Male Only,2016
Putnam,3162,Female Only,2016
Rhea,3210,Both Sexes,2016
Rhea,1714,Male Only,2016
Rhea,1496,Female Only,2016
Roane,4027,Both Sexes,2016
Roane,2184,Male Only,2016
Roane,1843,Female Only,2016
Robertson,6192,Both Sexes,2016
Robertson,3483,Male Only,2016
Robertson,2709,Female Only,2016
Rutherford,24067,Both Sexes,2016
Rutherford,14006,Male Only,2016
Rutherford,10061,Female Only,2016
Scott,2017,Both Sexes,2016
Scott,1156,Male Only,2016
Scott,861,Female Only,2016
Sequatchie,1224,Both Sexes,2016
Sequatchie,663,Male Only,2016
Sequatchie,561,Female Only,2016
Sevier,11903,Both Sexes,2016
Sevier,6544,Male Only,2016
Sevier,5359,Female Only,2016
Shelby,92483,Both Sexes,2016
Shelby,53945,Male Only,2016
Shelby,38538,Female Only,2016
Smith,1668,Both Sexes,2016
Smith,967,Male Only,2016
Smith,701,Female Only,2016
Stewart,1178,Both Sexes,2016
Stewart,684,Male Only,2016
Stewart,494,Female Only,2016
Sullivan,12070,Both Sexes,2016
Sullivan,6897,Male Only,2016
Sullivan,5173,Female Only,2016
Sumner,13249,Both Sexes,2016
Sumner,7485,Male Only,2016
Sumner,5764,Female Only,2016
Tipton,5161,Both Sexes,2016
Tipton,2874,Male Only,2016
Tipton,2287,Female Only,2016
Trousdale,846,Both Sexes,2016
Trousdale,477,Male Only,2016
Trousdale,369,Female Only,2016
Unicoi,1582,Both Sexes,2016
Unicoi,906,Male Only,2016
Unicoi,676,Female Only,2016
Union,1956,Both Sexes,2016
Union,1058,Male Only,2016
Union,898,Female Only,2016
VanBuren,511,Both Sexes,2016
VanBuren,300,Male Only,2016
VanBuren,211,Female Only,2016
Warren,4490,Both Sexes,2016
Warren,2647,Male Only,2016
Warren,1843,Female Only,2016
Washington,9940,Both Sexes,2016
Washington,5590,Male Only,2016
Washington,4350,Female Only,2016
Wayne,1404,Both Sexes,2016
Wayne,786,Male Only,2016
Wayne,618,Female Only,2016
Weakley,2501,Both Sexes,2016
Weakley,1387,Male Only,2016
Weakley,1114,Female Only,2016
White,2325,Both Sexes,2016
White,1295,Male Only,2016
White,1030,Female Only,2016
Williamson,11006,Both Sexes,2016
Williamson,5837,Male Only,2016
Williamson,5169,Female Only,2016
Wilson,8508,Both Sexes,2016
Wilson,4396,Male Only,2016
Wilson,4112,Female Only,2016
Anderson,6218,Both Sexes,2017
Anderson,3538,Male Only,2017
Anderson,2680,Female Only,2017
Bedford,5801,Both Sexes,2017
Bedford,3271,Male Only,2017
Bedford,2530,Female Only,2017
Benton,1489,Both Sexes,2017
Benton,801,Male Only,2017
Benton,688,Female Only,2017
Bledsoe,1422,Both Sexes,2017
Bledsoe,812,Male Only,2017
Bledsoe,610,Female Only,2017
Blount,10561,Both Sexes,2017
Blount,6157,Male Only,2017
Blount,4404,Female Only,2017
Bradley,11377,Both Sexes,2017
Bradley,6605,Male Only,2017
Bradley,4772,Female Only,2017
Campbell,3847,Both Sexes,2017
Campbell,2164,Male Only,2017
Campbell,1683,Female Only,2017
Cannon,1381,Both Sexes,2017
Cannon,810,Male Only,2017
Cannon,571,Female Only,2017
Carroll,2295,Both Sexes,2017
Carroll,1368,Male Only,2017
Carroll,927,Female Only,2017
Carter,5222,Both Sexes,2017
Carter,2916,Male Only,2017
Carter,2306,Female Only,2017
Cheatham,3506,Both Sexes,2017
Cheatham,2036,Male Only,2017
Cheatham,1470,Female Only,2017
Chester,1558,Both Sexes,2017
Chester,880,Male Only,2017
Chester,678,Female Only,2017
Claiborne,2834,Both Sexes,2017
Claiborne,1602,Male Only,2017
Claiborne,1232,Female Only,2017
Clay,839,Both Sexes,2017
Clay,461,Male Only,2017
Clay,378,Female Only,2017
Cocke,3395,Both Sexes,2017
Cocke,1795,Male Only,2017
Cocke,1600,Female Only,2017
Coffee,4939,Both Sexes,2017
Coffee,2948,Male Only,2017
Coffee,1991,Female Only,2017
Crockett,1669,Both Sexes,2017
Crockett,911,Male Only,2017
Crockett,758,Female Only,2017
Cumberland,5144,Both Sexes,2017
Cumberland,2865,Male Only,2017
Cumberland,2279,Female Only,2017
Davidson,82893,Both Sexes,2017
Davidson,47673,Male Only,2017
Davidson,35220,Female Only,2017
Decatur,1082,Both Sexes,2017
Decatur,586,Male Only,2017
Decatur,496,Female Only,2017
DeKalb,2287,Both Sexes,2017
DeKalb,1259,Male Only,2017
DeKalb,1028,Female Only,2017
Dickson,4808,Both Sexes,2017
Dickson,2721,Male Only,2017
Dickson,2087,Female Only,2017
Dyer,2995,Both Sexes,2017
Dyer,1668,Male Only,2017
Dyer,1327,Female Only,2017
Fayette,3474,Both Sexes,2017
Fayette,1937,Male Only,2017
Fayette,1537,Female Only,2017
Fentress,1723,Both Sexes,2017
Fentress,982,Male Only,2017
Fentress,741,Female Only,2017
Franklin,3340,Both Sexes,2017
Franklin,1910,Male Only,2017
Franklin,1430,Female Only,2017
Gibson,4327,Both Sexes,2017
Gibson,2420,Male Only,2017
Gibson,1907,Female Only,2017
Giles,2802,Both Sexes,2017
Giles,1629,Male Only,2017
Giles,1173,Female Only,2017
Grainger,2275,Both Sexes,2017
Grainger,1327,Male Only,2017
Grainger,948,Female Only,2017
Greene,5877,Both Sexes,2017
Greene,3324,Male Only,2017
Greene,2553,Female Only,2017
Grundy,1420,Both Sexes,2017
Grundy,821,Male Only,2017
Grundy,599,Female Only,2017
Hamblen,7165,Both Sexes,2017
Hamblen,4116,Male Only,2017
Hamblen,3049,Female Only,2017
Hamilton,32272,Both Sexes,2017
Hamilton,18110,Male Only,2017
Hamilton,14162,Female Only,2017
Hancock,586,Both Sexes,2017
Hancock,319,Male Only,2017
Hancock,267,Female Only,2017
Hardeman,2098,Both Sexes,2017
Hardeman,1155,Male Only,2017
Hardeman,943,Female Only,2017
Hardin,2327,Both Sexes,2017
Hardin,1290,Male Only,2017
Hardin,1037,Female Only,2017
Hawkins,4912,Both Sexes,2017
Hawkins,2860,Male Only,2017
Hawkins,2052,Female Only,2017
Haywood,1597,Both Sexes,2017
Haywood,850,Male Only,2017
Haywood,747,Female Only,2017
Henderson,2486,Both Sexes,2017
Henderson,1374,Male Only,2017
Henderson,1112,Female Only,2017
Henry,2756,Both Sexes,2017
Henry,1617,Male Only,2017
Henry,1139,Female Only,2017
Hickman,2468,Both Sexes,2017
Hickman,1399,Male Only,2017
Hickman,1069,Female Only,2017
Houston,809,Both Sexes,2017
Houston,451,Male Only,2017
Houston,358,Female Only,2017
Humphreys,1646,Both Sexes,2017
Humphreys,891,Male Only,2017
Humphreys,755,Female Only,2017
Jackson,1115,Both Sexes,2017
Jackson,633,Male Only,2017
Jackson,482,Female Only,2017
Jefferson,4863,Both Sexes,2017
Jefferson,2617,Male Only,2017
Jefferson,2246,Female Only,2017
Johnson,1498,Both Sexes,2017
Johnson,840,Male Only,2017
Johnson,658,Female Only,2017
Knox,37471,Both Sexes,2017
Knox,21303,Male Only,2017
Knox,16168,Female Only,2017
Lake,458,Both Sexes,2017
Lake,258,Male Only,2017
Lake,200,Female Only,2017
Lauderdale,2388,Both Sexes,2017
Lauderdale,1326,Male Only,2017
Lauderdale,1062,Female Only,2017
Lawrence,4595,Both Sexes,2017
Lawrence,2628,Male Only,2017
Lawrence,1967,Female Only,2017
Lewis,1142,Both Sexes,2017
Lewis,636,Male Only,2017
Lewis,506,Female Only,2017
Lincoln,3084,Both Sexes,2017
Lincoln,1771,Male Only,2017
Lincoln,1313,Female Only,2017
Loudon,4920,Both Sexes,2017
Loudon,2746,Male Only,2017
Loudon,2174,Female Only,2017
McMinn,5075,Both Sexes,2017
McMinn,3061,Male Only,2017
McMinn,2014,Female Only,2017
McNairy,2320,Both Sexes,2017
McNairy,1339,Male Only,2017
McNairy,981,Female Only,2017
Macon,2662,Both Sexes,2017
Macon,1542,Male Only,2017
Macon,1120,Female Only,2017
Madison,7445,Both Sexes,2017
Madison,4083,Male Only,2017
Madison,3362,Female Only,2017
Marion,2564,Both Sexes,2017
Marion,1442,Male Only,2017
Marion,1122,Female Only,2017
Marshall,2899,Both Sexes,2017
Marshall,1601,Male Only,2017
Marshall,1298,Female Only,2017
Maury,8242,Both Sexes,2017
Maury,4585,Male Only,2017
Maury,3657,Female Only,2017
Meigs,1174,Both Sexes,2017
Meigs,649,Male Only,2017
Meigs,525,Female Only,2017
Monroe,4317,Both Sexes,2017
Monroe,2357,Male Only,2017
Monroe,1960,Female Only,2017
Montgomery,15705,Both Sexes,2017
Montgomery,9195,Male Only,2017
Montgomery,6510,Female Only,2017
Moore,476,Both Sexes,2017
Moore,255,Male Only,2017
Moore,221,Female Only,2017
Morgan,1945,Both Sexes,2017
Morgan,1077,Male Only,2017
Morgan,868,Female Only,2017
Obion,2817,Both Sexes,2017
Obion,1538,Male Only,2017
Obion,1279,Female Only,2017
Overton,2072,Both Sexes,2017
Overton,1157,Male Only,2017
Overton,915,Female Only,2017
Perry,884,Both Sexes,2017
Perry,482,Male Only,2017
Perry,402,Female Only,2017
Pickett,439,Both Sexes,2017
Pickett,241,Male Only,2017
Pickett,198,Female Only,2017
Polk,1635,Both Sexes,2017
Polk,929,Male Only,2017
Polk,706,Female Only,2017
Putnam,7742,Both Sexes,2017
Putnam,4213,Male Only,2017
Putnam,3529,Female Only,2017
Rhea,3284,Both Sexes,2017
Rhea,1875,Male Only,2017
Rhea,1409,Female Only,2017
Roane,4394,Both Sexes,2017
Roane,2454,Male Only,2017
Roane,1940,Female Only,2017
Robertson,6024,Both Sexes,2017
Robertson,3393,Male Only,2017
Robertson,2631,Female Only,2017
Rutherford,26618,Both Sexes,2017
Rutherford,14224,Male Only,2017
Rutherford,12394,Female Only,2017
Scott,2035,Both Sexes,2017
Scott,1110,Male Only,2017
Scott,925,Female Only,2017
Sequatchie,1313,Both Sexes,2017
Sequatchie,744,Male Only,2017
Sequatchie,569,Female Only,2017
Sevier,12956,Both Sexes,2017
Sevier,6965,Male Only,2017
Sevier,5991,Female Only,2017
Shelby,93094,Both Sexes,2017
Shelby,52228,Male Only,2017
Shelby,40866,Female Only,2017
Smith,1678,Both Sexes,2017
Smith,979,Male Only,2017
Smith,699,Female Only,2017
Stewart,1273,Both Sexes,2017
Stewart,736,Male Only,2017
Stewart,537,Female Only,2017
Sullivan,12489,Both Sexes,2017
Sullivan,7266,Male Only,2017
Sullivan,5223,Female Only,2017
Sumner,15226,Both Sexes,2017
Sumner,8449,Male Only,2017
Sumner,6777,Female Only,2017
Tipton,4695,Both Sexes,2017
Tipton,2718,Male Only,2017
Tipton,1977,Female Only,2017
Trousdale,878,Both Sexes,2017
Trousdale,483,Male Only,2017
Trousdale,395,Female Only,2017
Unicoi,1665,Both Sexes,2017
Unicoi,945,Male Only,2017
Unicoi,720,Female Only,2017
Union,2031,Both Sexes,2017
Union,1092,Male Only,2017
Union,939,Female Only,2017
VanBuren,551,Both Sexes,2017
VanBuren,317,Male Only,2017
VanBuren,234,Female Only,2017
Warren,4879,Both Sexes,2017
Warren,2867,Male Only,2017
Warren,2012,Female Only,2017
Washington,11411,Both Sexes,2017
Washington,6534,Male Only,2017
Washington,4877,Female Only,2017
Wayne,1341,Both Sexes,2017
Wayne,755,Male Only,2017
Wayne,586,Female Only,2017
Weakley,2657,Both Sexes,2017
Weakley,1501,Male Only,2017
Weakley,1156,Female Only,2017
White,2384,Both Sexes,2017
White,1379,Male Only,2017
White,1005,Female Only,2017
Williamson,12631,Both Sexes,2017
Williamson,7084,Male Only,2017
Williamson,5547,Female Only,2017
Wilson,9956,Both Sexes,2017
Wilson,5620,Male Only,2017
Wilson,4336,Female Only,2017
Anderson,6990,Both Sexes,2018
Anderson,3956,Male Only,2018
Anderson,3034,Female Only,2018
Bedford,6029,Both Sexes,2018
Bedford,3455,Male Only,2018
Bedford,2574,Female Only,2018
Benton,1552,Both Sexes,2018
Benton,853,Male Only,2018
Benton,699,Female Only,2018
Bledsoe,1660,Both Sexes,2018
Bledsoe,938,Male Only,2018
Bledsoe,722,Female Only,2018
Blount,11788,Both Sexes,2018
Blount,6529,Male Only,2018
Blount,5259,Female Only,2018
Bradley,11670,Both Sexes,2018
Bradley,6549,Male Only,2018
Bradley,5121,Female Only,2018
Campbell,4041,Both Sexes,2018
Campbell,2345,Male Only,2018
Campbell,1696,Female Only,2018
Cannon,1464,Both Sexes,2018
Cannon,849,Male Only,2018
Cannon,615,Female Only,2018
Carroll,2436,Both Sexes,2018
Carroll,1419,Male Only,2018
Carroll,1017,Female Only,2018
Carter,5690,Both Sexes,2018
Carter,3264,Male Only,2018
Carter,2426,Female Only,2018
Cheatham,4006,Both Sexes,2018
Cheatham,2394,Male Only,2018
Cheatham,1612,Female Only,2018
Chester,1667,Both Sexes,2018
Chester,914,Male Only,2018
Chester,753,Female Only,2018
Claiborne,2858,Both Sexes,2018
Claiborne,1535,Male Only,2018
Claiborne,1323,Female Only,2018
Clay,761,Both Sexes,2018
Clay,427,Male Only,2018
Clay,334,Female Only,2018
Cocke,3301,Both Sexes,2018
Cocke,1727,Male Only,2018
Cocke,1574,Female Only,2018
Coffee,5296,Both Sexes,2018
Coffee,2891,Male Only,2018
Coffee,2405,Female Only,2018
Crockett,1663,Both Sexes,2018
Crockett,938,Male Only,2018
Crockett,725,Female Only,2018
Cumberland,5178,Both Sexes,2018
Cumberland,2794,Male Only,2018
Cumberland,2384,Female Only,2018
Davidson,81497,Both Sexes,2018
Davidson,44672,Male Only,2018
Davidson,36825,Female Only,2018
Decatur,1102,Both Sexes,2018
Decatur,609,Male Only,2018
Decatur,493,Female Only,2018
DeKalb,2455,Both Sexes,2018
DeKalb,1418,Male Only,2018
DeKalb,1037,Female Only,2018
Dickson,5622,Both Sexes,2018
Dickson,3028,Male Only,2018
Dickson,2594,Female Only,2018
Dyer,3316,Both Sexes,2018
Dyer,1791,Male Only,2018
Dyer,1525,Female Only,2018
Fayette,3124,Both Sexes,2018
Fayette,1689,Male Only,2018
Fayette,1435,Female Only,2018
Fentress,1874,Both Sexes,2018
Fentress,1034,Male Only,2018
Fentress,840,Female Only,2018
Franklin,3639,Both Sexes,2018
Franklin,1986,Male Only,2018
Franklin,1653,Female Only,2018
Gibson,4396,Both Sexes,2018
Gibson,2314,Male Only,2018
Gibson,2082,Female Only,2018
Giles,2763,Both Sexes,2018
Giles,1564,Male Only,2018
Giles,1199,Female Only,2018
Grainger,2498,Both Sexes,2018
Grainger,1405,Male Only,2018
Grainger,1093,Female Only,2018
Greene,6618,Both Sexes,2018
Greene,3697,Male Only,2018
Greene,2921,Female Only,2018
Grundy,1549,Both Sexes,2018
Grundy,866,Male Only,2018
Grundy,683,Female Only,2018
Hamblen,7499,Both Sexes,2018
Hamblen,4281,Male Only,2018
Hamblen,3218,Female Only,2018
Hamilton,34725,Both Sexes,2018
Hamilton,19358,Male Only,2018
Hamilton,15367,Female Only,2018
Hancock,607,Both Sexes,2018
Hancock,323,Male Only,2018
Hancock,284,Female Only,2018
Hardeman,2038,Both Sexes,2018
Hardeman,1118,Male Only,2018
Hardeman,920,Female Only,2018
Hardin,2504,Both Sexes,2018
Hardin,1358,Male Only,2018
Hardin,1146,Female Only,2018
Hawkins,5143,Both Sexes,2018
Hawkins,2876,Male Only,2018
Hawkins,2267,Female Only,2018
Haywood,1573,Both Sexes,2018
Haywood,847,Male Only,2018
Haywood,726,Female Only,2018
Henderson,2740,Both Sexes,2018
Henderson,1552,Male Only,2018
Henderson,1188,Female Only,2018
Henry,2834,Both Sexes,2018
Henry,1587,Male Only,2018
Henry,1247,Female Only,2018
Hickman,2586,Both Sexes,2018
Hickman,1465,Male Only,2018
Hickman,1121,Female Only,2018
Houston,823,Both Sexes,2018
Houston,451,Male Only,2018
Houston,372,Female Only,2018
Humphreys,1864,Both Sexes,2018
Humphreys,984,Male Only,2018
Humphreys,880,Female Only,2018
Jackson,1258,Both Sexes,2018
Jackson,710,Male Only,2018
Jackson,548,Female Only,2018
Jefferson,5228,Both Sexes,2018
Jefferson,2845,Male Only,2018
Jefferson,2383,Female Only,2018
Johnson,1579,Both Sexes,2018
Johnson,873,Male Only,2018
Johnson,706,Female Only,2018
Knox,39398,Both Sexes,2018
Knox,21322,Male Only,2018
Knox,18076,Female Only,2018
Lake,452,Both Sexes,2018
Lake,263,Male Only,2018
Lake,189,Female Only,2018
Lauderdale,2457,Both Sexes,2018
Lauderdale,1380,Male Only,2018
Lauderdale,1077,Female Only,2018
Lawrence,4413,Both Sexes,2018
Lawrence,2358,Male Only,2018
Lawrence,2055,Female Only,2018
Lewis,1231,Both Sexes,2018
Lewis,671,Male Only,2018
Lewis,560,Female Only,2018
Lincoln,3348,Both Sexes,2018
Lincoln,1888,Male Only,2018
Lincoln,1460,Female Only,2018
Loudon,5091,Both Sexes,2018
Loudon,2809,Male Only,2018
Loudon,2282,Female Only,2018
McMinn,5341,Both Sexes,2018
McMinn,2845,Male Only,2018
McMinn,2496,Female Only,2018
McNairy,2617,Both Sexes,2018
McNairy,1478,Male Only,2018
McNairy,1139,Female Only,2018
Macon,2895,Both Sexes,2018
Macon,1615,Male Only,2018
Macon,1280,Female Only,2018
Madison,8735,Both Sexes,2018
Madison,4809,Male Only,2018
Madison,3926,Female Only,2018
Marion,2609,Both Sexes,2018
Marion,1460,Male Only,2018
Marion,1149,Female Only,2018
Marshall,3102,Both Sexes,2018
Marshall,1695,Male Only,2018
Marshall,1407,Female Only,2018
Maury,8055,Both Sexes,2018
Maury,4526,Male Only,2018
Maury,3529,Female Only,2018
Meigs,1177,Both Sexes,2018
Meigs,644,Male Only,2018
Meigs,533,Female Only,2018
Monroe,5081,Both Sexes,2018
Monroe,2932,Male Only,2018
Monroe,2149,Female Only,2018
Montgomery,16046,Both Sexes,2018
Montgomery,8729,Male Only,2018
Montgomery,7317,Female Only,2018
Moore,474,Both Sexes,2018
Moore,253,Male Only,2018
Moore,221,Female Only,2018
Morgan,2069,Both Sexes,2018
Morgan,1140,Male Only,2018
Morgan,929,Female Only,2018
Obion,2755,Both Sexes,2018
Obion,1474,Male Only,2018
Obion,1281,Female Only,2018
Overton,2141,Both Sexes,2018
Overton,1218,Male Only,2018
Overton,923,Female Only,2018
Perry,844,Both Sexes,2018
Perry,475,Male Only,2018
Perry,369,Female Only,2018
Pickett,501,Both Sexes,2018
Pickett,281,Male Only,2018
Pickett,220,Female Only,2018
Polk,1826,Both Sexes,2018
Polk,1028,Male Only,2018
Polk,798,Female Only,2018
Putnam,7767,Both Sexes,2018
Putnam,4508,Male Only,2018
Putnam,3259,Female Only,2018
Rhea,3335,Both Sexes,2018
Rhea,1857,Male Only,2018
Rhea,1478,Female Only,2018
Roane,4516,Both Sexes,2018
Roane,2424,Male Only,2018
Roane,2092,Female Only,2018
Robertson,7334,Both Sexes,2018
Robertson,4305,Male Only,2018
Robertson,3029,Female Only,2018
Rutherford,29160,Both Sexes,2018
Rutherford,16583,Male Only,2018
Rutherford,12577,Female Only,2018
Scott,2373,Both Sexes,2018
Scott,1299,Male Only,2018
Scott,1074,Female Only,2018
Sequatchie,1368,Both Sexes,2018
Sequatchie,760,Male Only,2018
Sequatchie,608,Female Only,2018
Sevier,13515,Both Sexes,2018
Sevier,7619,Male Only,2018
Sevier,5896,Female Only,2018
Shelby,107268,Both Sexes,2018
Shelby,61000,Male Only,2018
Shelby,46268,Female Only,2018
Smith,1892,Both Sexes,2018
Smith,1011,Male Only,2018
Smith,881,Female Only,2018
Stewart,1356,Both Sexes,2018
Stewart,767,Male Only,2018
Stewart,589,Female Only,2018
Sullivan,14323,Both Sexes,2018
Sullivan,7921,Male Only,2018
Sullivan,6402,Female Only,2018
Sumner,15785,Both Sexes,2018
Sumner,8587,Male Only,2018
Sumner,7198,Female Only,2018
Tipton,5738,Both Sexes,2018
Tipton,3395,Male Only,2018
Tipton,2343,Female Only,2018
Trousdale,880,Both Sexes,2018
Trousdale,504,Male Only,2018
Trousdale,376,Female Only,2018
Unicoi,1632,Both Sexes,2018
Unicoi,920,Male Only,2018
Unicoi,712,Female Only,2018
Union,2136,Both Sexes,2018
Union,1173,Male Only,2018
Union,963,Female Only,2018
VanBuren,588,Both Sexes,2018
VanBuren,341,Male Only,2018
VanBuren,247,Female Only,2018
Warren,5246,Both Sexes,2018
Warren,2919,Male Only,2018
Warren,2327,Female Only,2018
Washington,10856,Both Sexes,2018
Washington,5970,Male Only,2018
Washington,4886,Female Only,2018
Wayne,1501,Both Sexes,2018
Wayne,805,Male Only,2018
Wayne,696,Female Only,2018
Weakley,3261,Both Sexes,2018
Weakley,1841,Male Only,2018
Weakley,1420,Female Only,2018
White,2666,Both Sexes,2018
White,1427,Male Only,2018
White,1239,Female Only,2018
Williamson,12500,Both Sexes,2018
Williamson,6608,Male Only,2018
Williamson,5892,Female Only,2018
Wilson,11102,Both Sexes,2018
Wilson,5921,Male Only,2018
Wilson,5181,Female Only,2018
Anderson,7356,Both Sexes,2019
Anderson,4152,Male Only,2019
Anderson,3204,Female Only,2019
Bedford,6283,Both Sexes,2019
Bedford,3377,Male Only,2019
Bedford,2906,Female Only,2019
Benton,1630,Both Sexes,2019
Benton,874,Male Only,2019
Benton,756,Female Only,2019
Bledsoe,1574,Both Sexes,2019
Bledsoe,899,Male Only,2019
Bledsoe,675,Female Only,2019
Blount,12138,Both Sexes,2019
Blount,6479,Male Only,2019
Blount,5659,Female Only,2019
Bradley,12174,Both Sexes,2019
Bradley,6734,Male Only,2019
Bradley,5440,Female Only,2019
Campbell,3962,Both Sexes,2019
Campbell,2227,Male Only,2019
Campbell,1735,Female Only,2019
Cannon,1473,Both Sexes,2019
Cannon,845,Male Only,2019
Cannon,628,Female Only,2019
Carroll,2641,Both Sexes,2019
Carroll,1499,Male Only,2019
Carroll,1142,Female Only,2019
Carter,5950,Both Sexes,2019
Carter,3449,Male Only,2019
Carter,2501,Female Only,2019
Cheatham,4020,Both Sexes,2019
Cheatham,2245,Male Only,2019
Cheatham,1775,Female Only,2019
Chester,1635,Both Sexes,2019
Chester,952,Male Only,2019
Chester,683,Female Only,2019
Claiborne,2953,Both Sexes,2019
Claiborne,1692,Male Only,2019
Claiborne,1261,Female Only,2019
Clay,787,Both Sexes,2019
Clay,440,Male Only,2019
Clay,347,Female Only,2019
Cocke,3544,Both Sexes,2019
Cocke,1937,Male Only,2019
Cocke,1607,Female Only,2019
Coffee,5468,Both Sexes,2019
Coffee,3035,Male Only,2019
Coffee,2433,Female Only,2019
Crockett,1736,Both Sexes,2019
Crockett,935,Male Only,2019
Crockett,801,Female Only,2019
Cumberland,5862,Both Sexes,2019
Cumberland,3321,Male Only,2019
Cumberland,2541,Female Only,2019
Davidson,78123,Both Sexes,2019
Davidson,43396,Male Only,2019
Davidson,34727,Female Only,2019
Decatur,1105,Both Sexes,2019
Decatur,612,Male Only,2019
Decatur,493,Female Only,2019
DeKalb,2313,Both Sexes,2019
DeKalb,1258,Male Only,2019
DeKalb,1055,Female Only,2019
Dickson,5200,Both Sexes,2019
Dickson,2732,Male Only,2019
Dickson,2468,Female Only,2019
Dyer,3440,Both Sexes,2019
Dyer,1891,Male Only,2019
Dyer,1549,Female Only,2019
Fayette,3586,Both Sexes,2019
Fayette,1991,Male Only,2019
Fayette,1595,Female Only,2019
Fentress,1842,Both Sexes,2019
Fentress,1039,Male Only,2019
Fentress,803,Female Only,2019
Franklin,3699,Both Sexes,2019
Franklin,2098,Male Only,2019
Franklin,1601,Female Only,2019
Gibson,4596,Both Sexes,2019
Gibson,2561,Male Only,2019
Gibson,2035,Female Only,2019
Giles,2994,Both Sexes,2019
Giles,1668,Male Only,2019
Giles,1326,Female Only,2019
Grainger,2522,Both Sexes,2019
Grainger,1447,Male Only,2019
Grainger,1075,Female Only,2019
Greene,6864,Both Sexes,2019
Greene,3909,Male Only,2019
Greene,2955,Female Only,2019
Grundy,1465,Both Sexes,2019
Grundy,821,Male Only,2019
Grundy,644,Female Only,2019
Hamblen,8105,Both Sexes,2019
Hamblen,4575,Male Only,2019
Hamblen,3530,Female Only,2019
Hamilton,35273,Both Sexes,2019
Hamilton,19463,Male Only,2019
Hamilton,15810,Female Only,2019
Hancock,587,Both Sexes,2019
Hancock,330,Male Only,2019
Hancock,257,Female Only,2019
Hardeman,2033,Both Sexes,2019
Hardeman,1156,Male Only,2019
Hardeman,877,Female Only,2019
Hardin,2370,Both Sexes,2019
Hardin,1355,Male Only,2019
Hardin,1015,Female Only,2019
Hawkins,5094,Both Sexes,2019
Hawkins,2872,Male Only,2019
Hawkins,2222,Female Only,2019
Haywood,1613,Both Sexes,2019
Haywood,863,Male Only,2019
Haywood,750,Female Only,2019
Henderson,2834,Both Sexes,2019
Henderson,1560,Male Only,2019
Henderson,1274,Female Only,2019
Henry,3121,Both Sexes,2019
Henry,1808,Male Only,2019
Henry,1313,Female Only,2019
Hickman,2682,Both Sexes,2019
Hickman,1547,Male Only,2019
Hickman,1135,Female Only,2019
Houston,883,Both Sexes,2019
Houston,496,Male Only,2019
Houston,387,Female Only,2019
Humphreys,1710,Both Sexes,2019
Humphreys,936,Male Only,2019
Humphreys,774,Female Only,2019
Jackson,1258,Both Sexes,2019
Jackson,675,Male Only,2019
Jackson,583,Female Only,2019
Jefferson,5509,Both Sexes,2019
Jefferson,3115,Male Only,2019
Jefferson,2394,Female Only,2019
Johnson,1476,Both Sexes,2019
Johnson,835,Male Only,2019
Johnson,641,Female Only,2019
Knox,41329,Both Sexes,2019
Knox,22786,Male Only,2019
Knox,18543,Female Only,2019
Lake,444,Both Sexes,2019
Lake,244,Male Only,2019
Lake,200,Female Only,2019
Lauderdale,2374,Both Sexes,2019
Lauderdale,1276,Male Only,2019
Lauderdale,1098,Female Only,2019
Lawrence,4613,Both Sexes,2019
Lawrence,2547,Male Only,2019
Lawrence,2066,Female Only,2019
Lewis,1137,Both Sexes,2019
Lewis,631,Male Only,2019
Lewis,506,Female Only,2019
Lincoln,3607,Both Sexes,2019
Lincoln,2051,Male Only,2019
Lincoln,1556,Female Only,2019
Loudon,5388,Both Sexes,2019
Loudon,2757,Male Only,2019
Loudon,2631,Female Only,2019
McMinn,5432,Both Sexes,2019
McMinn,2951,Male Only,2019
McMinn,2481,Female Only,2019
McNairy,2295,Both Sexes,2019
McNairy,1261,Male Only,2019
McNairy,1034,Female Only,2019
Macon,3011,Both Sexes,2019
Macon,1631,Male Only,2019
Macon,1380,Female Only,2019
Madison,8637,Both Sexes,2019
Madison,4708,Male Only,2019
Madison,3929,Female Only,2019
Marion,2764,Both Sexes,2019
Marion,1489,Male Only,2019
Marion,1275,Female Only,2019
Marshall,3353,Both Sexes,2019
Marshall,1801,Male Only,2019
Marshall,1552,Female Only,2019
Maury,9081,Both Sexes,2019
Maury,4972,Male Only,2019
Maury,4109,Female Only,2019
Meigs,1249,Both Sexes,2019
Meigs,667,Male Only,2019
Meigs,582,Female Only,2019
Monroe,4731,Both Sexes,2019
Monroe,2642,Male Only,2019
Monroe,2089,Female Only,2019
Montgomery,17282,Both Sexes,2019
Montgomery,9534,Male Only,2019
Montgomery,7748,Female Only,2019
Moore,514,Both Sexes,2019
Moore,279,Male Only,2019
Moore,235,Female Only,2019
Morgan,1887,Both Sexes,2019
Morgan,1047,Male Only,2019
Morgan,840,Female Only,2019
Obion,2918,Both Sexes,2019
Obion,1671,Male Only,2019
Obion,1247,Female Only,2019
Overton,2296,Both Sexes,2019
Overton,1285,Male Only,2019
Overton,1011,Female Only,2019
Perry,901,Both Sexes,2019
Perry,500,Male Only,2019
Perry,401,Female Only,2019
Pickett,538,Both Sexes,2019
Pickett,298,Male Only,2019
Pickett,240,Female Only,2019
Polk,1871,Both Sexes,2019
Polk,1066,Male Only,2019
Polk,805,Female Only,2019
Putnam,8504,Both Sexes,2019
Putnam,4844,Male Only,2019
Putnam,3660,Female Only,2019
Rhea,3635,Both Sexes,2019
Rhea,2024,Male Only,2019
Rhea,1611,Female Only,2019
Roane,4305,Both Sexes,2019
Roane,2481,Male Only,2019
Roane,1824,Female Only,2019
Robertson,6963,Both Sexes,2019
Robertson,3794,Male Only,2019
Robertson,3169,Female Only,2019
Rutherford,30323,Both Sexes,2019
Rutherford,16092,Male Only,2019
Rutherford,14231,Female Only,2019
Scott,2143,Both Sexes,2019
Scott,1226,Male Only,2019
Scott,917,Female Only,2019
Sequatchie,1465,Both Sexes,2019
Sequatchie,808,Male Only,2019
Sequatchie,657,Female Only,2019
Sevier,13557,Both Sexes,2019
Sevier,7302,Male Only,2019
Sevier,6255,Female Only,2019
Shelby,103192,Both Sexes,2019
Shelby,58513,Male Only,2019
Shelby,44679,Female Only,2019
Smith,1982,Both Sexes,2019
Smith,1147,Male Only,2019
Smith,835,Female Only,2019
Stewart,1353,Both Sexes,2019
Stewart,768,Male Only,2019
Stewart,585,Female Only,2019
Sullivan,14688,Both Sexes,2019
Sullivan,8030,Male Only,2019
Sullivan,6658,Female Only,2019
Sumner,16587,Both Sexes,2019
Sumner,8560,Male Only,2019
Sumner,8027,Female Only,2019
Tipton,5353,Both Sexes,2019
Tipton,2873,Male Only,2019
Tipton,2480,Female Only,2019
Trousdale,933,Both Sexes,2019
Trousdale,519,Male Only,2019
Trousdale,414,Female Only,2019
Unicoi,1752,Both Sexes,2019
Unicoi,1015,Male Only,2019
Unicoi,737,Female Only,2019
Union,2188,Both Sexes,2019
Union,1232,Male Only,2019
Union,956,Female Only,2019
VanBuren,551,Both Sexes,2019
VanBuren,314,Male Only,2019
VanBuren,237,Female Only,2019
Warren,5237,Both Sexes,2019
Warren,3072,Male Only,2019
Warren,2165,Female Only,2019
Washington,12094,Both Sexes,2019
Washington,6439,Male Only,2019
Washington,5655,Female Only,2019
Wayne,1497,Both Sexes,2019
Wayne,828,Male Only,2019
Wayne,669,Female Only,2019
Weakley,2938,Both Sexes,2019
Weakley,1639,Male Only,2019
Weakley,1299,Female Only,2019
White,2717,Both Sexes,2019
White,1505,Male Only,2019
White,1212,Female Only,2019
Williamson,13215,Both Sexes,2019
Williamson,6942,Male Only,2019
Williamson,6273,Female Only,2019
Wilson,11543,Both Sexes,2019
Wilson,6139,Male Only,2019
Wilson,5404,Female Only,2019
